-- MariaDB dump 10.19  Distrib 10.4.32-MariaDB, for Win64 (AMD64)
--
-- Host: localhost    Database: DeedraHighSchool
-- ------------------------------------------------------
-- Server version	10.4.32-MariaDB

/*!40101 SET @OLD_CHARACTER_SET_CLIENT=@@CHARACTER_SET_CLIENT */;
/*!40101 SET @OLD_CHARACTER_SET_RESULTS=@@CHARACTER_SET_RESULTS */;
/*!40101 SET @OLD_COLLATION_CONNECTION=@@COLLATION_CONNECTION */;
/*!40101 SET NAMES utf8mb4 */;
/*!40103 SET @OLD_TIME_ZONE=@@TIME_ZONE */;
/*!40103 SET TIME_ZONE='+00:00' */;
/*!40014 SET @OLD_UNIQUE_CHECKS=@@UNIQUE_CHECKS, UNIQUE_CHECKS=0 */;
/*!40014 SET @OLD_FOREIGN_KEY_CHECKS=@@FOREIGN_KEY_CHECKS, FOREIGN_KEY_CHECKS=0 */;
/*!40101 SET @OLD_SQL_MODE=@@SQL_MODE, SQL_MODE='NO_AUTO_VALUE_ON_ZERO' */;
/*!40111 SET @OLD_SQL_NOTES=@@SQL_NOTES, SQL_NOTES=0 */;

--
-- Table structure for table `administrates`
--

DROP TABLE IF EXISTS `administrates`;
/*!40101 SET @saved_cs_client     = @@character_set_client */;
/*!40101 SET character_set_client = utf8 */;
CREATE TABLE `administrates` (
  `Level` varchar(10) DEFAULT NULL,
  `Duties` varchar(20) DEFAULT NULL,
  `A_ID` varchar(10) DEFAULT NULL,
  KEY `A_ID` (`A_ID`),
  CONSTRAINT `administrates_ibfk_1` FOREIGN KEY (`A_ID`) REFERENCES `employee` (`EmployeeID`)
) ENGINE=InnoDB DEFAULT CHARSET=utf8mb4 COLLATE=utf8mb4_general_ci;
/*!40101 SET character_set_client = @saved_cs_client */;

--
-- Dumping data for table `administrates`
--

LOCK TABLES `administrates` WRITE;
/*!40000 ALTER TABLE `administrates` DISABLE KEYS */;
INSERT INTO `administrates` VALUES ('Freshmen','Academic Counseling','A001'),('Sophomore','Disciplinary Actions','A002'),('Junior','Curriculum Developme','A003'),('Senior','College Preparation','A004'),('Freshmen','Student Support Serv','A005'),('Sophomore','Parent Communication','A006');
/*!40000 ALTER TABLE `administrates` ENABLE KEYS */;
UNLOCK TABLES;

--
-- Table structure for table `assigned`
--

DROP TABLE IF EXISTS `assigned`;
/*!40101 SET @saved_cs_client     = @@character_set_client */;
/*!40101 SET character_set_client = utf8 */;
CREATE TABLE `assigned` (
  `EnrollmentDate` date DEFAULT NULL,
  `C_ID` varchar(10) DEFAULT NULL,
  `S_ID` varchar(10) DEFAULT NULL,
  KEY `S_ID` (`S_ID`),
  KEY `C_ID` (`C_ID`),
  CONSTRAINT `assigned_ibfk_1` FOREIGN KEY (`S_ID`) REFERENCES `student` (`StudentID`),
  CONSTRAINT `assigned_ibfk_2` FOREIGN KEY (`C_ID`) REFERENCES `class` (`ClassID`)
) ENGINE=InnoDB DEFAULT CHARSET=utf8mb4 COLLATE=utf8mb4_general_ci;
/*!40101 SET character_set_client = @saved_cs_client */;

--
-- Dumping data for table `assigned`
--

LOCK TABLES `assigned` WRITE;
/*!40000 ALTER TABLE `assigned` DISABLE KEYS */;
INSERT INTO `assigned` VALUES ('2024-06-01','101','S001'),('2024-06-01','101','S002'),('2024-06-01','101','S003'),('2024-06-01','101','S004'),('2024-06-01','101','S005'),('2024-06-01','101','S006'),('2024-06-01','101','S007'),('2024-06-01','101','S008'),('2024-06-01','101','S009'),('2024-06-01','101','S010'),('2024-06-01','101','S011'),('2024-06-01','101','S012'),('2024-06-01','101','S013'),('2024-06-01','102','S014'),('2024-06-01','102','S015'),('2024-06-01','102','S016'),('2024-06-01','102','S017'),('2024-06-01','102','S018'),('2024-06-01','102','S019'),('2024-06-01','102','S020'),('2024-06-01','102','S021'),('2024-06-01','102','S022'),('2024-06-01','102','S023'),('2024-06-01','102','S024'),('2024-06-01','102','S025'),('2024-06-01','102','S026'),('2024-06-01','104','S040'),('2024-06-01','104','S041'),('2024-06-01','104','S042'),('2024-06-01','104','S043'),('2024-06-01','104','S044'),('2024-06-01','104','S045'),('2024-06-01','104','S046'),('2024-06-01','104','S047'),('2024-06-01','104','S048'),('2024-06-01','104','S049'),('2024-06-01','104','S050'),('2024-06-01','104','S051'),('2024-06-01','104','S052'),('2024-06-02','105','S053'),('2024-06-03','105','S054'),('2024-06-04','105','S055'),('2024-06-05','105','S056'),('2024-06-06','105','S057'),('2024-06-07','105','S058'),('2024-06-08','105','S059'),('2024-06-09','105','S060'),('2024-06-10','105','S061'),('2024-06-11','105','S062'),('2024-06-12','105','S063'),('2024-06-13','105','S064'),('2024-06-14','106','S065'),('2024-06-15','106','S066'),('2024-06-16','106','S067'),('2024-06-17','106','S068'),('2024-06-18','106','S069'),('2024-06-19','106','S070'),('2024-06-20','106','S071'),('2024-06-21','106','S072'),('2024-06-22','106','S073'),('2024-06-23','106','S074'),('2024-06-24','106','S075'),('2024-06-25','106','S076'),('2024-06-08','107','S077'),('2024-06-08','107','S078'),('2024-06-08','107','S079'),('2024-06-08','107','S080'),('2024-06-08','107','S081'),('2024-06-08','107','S082'),('2024-06-08','107','S083'),('2024-06-08','107','S084'),('2024-06-08','107','S085'),('2024-06-08','107','S086'),('2024-06-08','107','S087'),('2024-06-08','107','S088'),('2024-06-08','108','S089'),('2024-06-08','108','S090'),('2024-06-08','108','S091'),('2024-06-08','108','S092'),('2024-06-08','108','S093'),('2024-06-08','108','S094'),('2024-06-08','108','S095'),('2024-06-08','108','S096'),('2024-06-08','108','S097'),('2024-06-08','108','S098'),('2024-06-08','108','S099'),('2024-06-08','108','S100');
/*!40000 ALTER TABLE `assigned` ENABLE KEYS */;
UNLOCK TABLES;

--
-- Table structure for table `assignment`
--

DROP TABLE IF EXISTS `assignment`;
/*!40101 SET @saved_cs_client     = @@character_set_client */;
/*!40101 SET character_set_client = utf8 */;
CREATE TABLE `assignment` (
  `AssignmentID` varchar(10) NOT NULL,
  `AssignmentName` varchar(20) DEFAULT NULL,
  `DueDate` date DEFAULT NULL,
  `Subj_ID` varchar(10) DEFAULT NULL,
  PRIMARY KEY (`AssignmentID`),
  KEY `Subj_ID` (`Subj_ID`),
  CONSTRAINT `assignment_ibfk_1` FOREIGN KEY (`Subj_ID`) REFERENCES `subject` (`SubjectID`)
) ENGINE=InnoDB DEFAULT CHARSET=utf8mb4 COLLATE=utf8mb4_general_ci;
/*!40101 SET character_set_client = @saved_cs_client */;

--
-- Dumping data for table `assignment`
--

LOCK TABLES `assignment` WRITE;
/*!40000 ALTER TABLE `assignment` DISABLE KEYS */;
INSERT INTO `assignment` VALUES ('BIO101-1','Cell Biology Workshe','2024-05-11','BIO101'),('BIO101-2','Genetics Quiz','2024-05-16','BIO101'),('BIO101-3','Ecology Project','2024-05-21','BIO101'),('BIO102-1','Genetics Problem Sol','2024-05-11','BIO102'),('BIO102-2','Evolutionary Biology','2024-05-16','BIO102'),('BIO102-3','Ecological Simulatio','2024-05-21','BIO102'),('BIO103-1','Neuroscience Study','2024-05-11','BIO103'),('BIO103-2','Genomics Analysis Pr','2024-05-16','BIO103'),('BIO103-3','Ecological Conservat','2024-05-21','BIO103'),('BIO104-1','Biomedical Engineeri','2024-05-11','BIO104'),('BIO104-2','Molecular Biology Re','2024-05-16','BIO104'),('BIO104-3','Environmental Impact','2024-05-21','BIO104'),('CHEM101-1','Chemical Reactions E','2024-05-13','CHEM101'),('CHEM101-2','Atomic Structure Tes','2024-05-19','CHEM101'),('CHEM101-3','Lab Safety Quiz','2024-05-24','CHEM101'),('CHEM102-1','Chemical Bonding Exe','2024-05-13','CHEM102'),('CHEM102-2','Thermodynamics Test','2024-05-19','CHEM102'),('CHEM102-3','Organic Chemistry La','2024-05-24','CHEM102'),('CHEM103-1','Materials Science Re','2024-05-13','CHEM103'),('CHEM103-2','Chemical Engineering','2024-05-19','CHEM103'),('CHEM103-3','Advanced Analytical ','2024-05-24','CHEM103'),('CHEM104-1','Nanotechnology Exper','2024-05-13','CHEM104'),('CHEM104-2','Bioinformatics Analy','2024-05-19','CHEM104'),('CHEM104-3','Advanced Organic Che','2024-05-24','CHEM104'),('COMP101-1','Programming Assignme','2024-05-15','COMP101'),('COMP101-2','Database Project','2024-05-20','COMP101'),('COMP101-3','Web Development Task','2024-05-25','COMP101'),('COMP102-1','Object-Oriented Prog','2024-05-15','COMP102'),('COMP102-2','Database Design Proj','2024-05-20','COMP102'),('COMP102-3','Web Development Task','2024-05-25','COMP102'),('COMP103-1','Software Architectur','2024-05-15','COMP103'),('COMP103-2','Artificial Intellige','2024-05-20','COMP103'),('COMP103-3','Cybersecurity Audit','2024-05-25','COMP103'),('COMP104-1','Software Development','2024-05-15','COMP104'),('COMP104-2','Machine Learning Imp','2024-05-20','COMP104'),('COMP104-3','Ethical Hacking Chal','2024-05-25','COMP104'),('ENG101-1','Essay Draft','2024-05-12','ENG101'),('ENG101-2','Literature Analysis','2024-05-18','ENG101'),('ENG101-3','Grammar Exercise','2024-05-22','ENG101'),('ENG102-1','Literature Review','2024-05-12','ENG102'),('ENG102-2','Grammar Test','2024-05-18','ENG102'),('ENG102-3','Essay Writing','2024-05-22','ENG102'),('ENG103-1','Thesis Proposal','2024-05-12','ENG103'),('ENG103-2','Literary Criticism P','2024-05-18','ENG103'),('ENG103-3','Public Speaking Pres','2024-05-22','ENG103'),('ENG104-1','Senior Thesis','2024-05-12','ENG104'),('ENG104-2','Literary Criticism P','2024-05-18','ENG104'),('ENG104-3','Debate Competition','2024-05-22','ENG104'),('MATH101-1','Algebra Worksheet','2024-05-10','MATH101'),('MATH101-2','Geometry Quiz','2024-05-15','MATH101'),('MATH101-3','Calculus Project','2024-05-20','MATH101'),('MATH102-1','Trigonometry Workshe','2024-05-10','MATH102'),('MATH102-2','Algebraic Equations ','2024-05-15','MATH102'),('MATH102-3','Calculus Exam','2024-05-20','MATH102'),('MATH103-1','Differential Equatio','2024-05-10','MATH103'),('MATH103-2','Mathematical Modelin','2024-05-15','MATH103'),('MATH103-3','Advanced Statistics ','2024-05-20','MATH103'),('MATH104-1','Advanced Calculus Pr','2024-05-10','MATH104'),('MATH104-2','Game Theory Analysis','2024-05-15','MATH104'),('MATH104-3','Statistical Inferenc','2024-05-20','MATH104'),('PHYS101-1','Experiment Report','2024-05-14','PHYS101'),('PHYS101-2','Newton Laws Quiz','2024-05-17','PHYS101'),('PHYS101-3','Optics Lab','2024-05-25','PHYS101'),('PHYS102-1','Kinematics Problem S','2024-05-14','PHYS102'),('PHYS102-2','Energy Conservation ','2024-05-17','PHYS102'),('PHYS102-3','Wave Optics Lab','2024-05-25','PHYS102'),('PHYS103-1','Astrophysics Researc','2024-05-14','PHYS103'),('PHYS103-2','Particle Physics Exp','2024-05-17','PHYS103'),('PHYS103-3','Advanced Quantum Mec','2024-05-25','PHYS103'),('PHYS104-1','Quantum Field Theory','2024-05-14','PHYS104'),('PHYS104-2','Particle Physics Exp','2024-05-17','PHYS104'),('PHYS104-3','Advanced Electromagn','2024-05-25','PHYS104');
/*!40000 ALTER TABLE `assignment` ENABLE KEYS */;
UNLOCK TABLES;

--
-- Table structure for table `class`
--

DROP TABLE IF EXISTS `class`;
/*!40101 SET @saved_cs_client     = @@character_set_client */;
/*!40101 SET character_set_client = utf8 */;
CREATE TABLE `class` (
  `ClassID` varchar(10) NOT NULL,
  `ClassLocation` varchar(20) DEFAULT NULL,
  `StudentQuantity` int(11) DEFAULT NULL,
  `ClassName` varchar(10) DEFAULT NULL,
  PRIMARY KEY (`ClassID`)
) ENGINE=InnoDB DEFAULT CHARSET=utf8mb4 COLLATE=utf8mb4_general_ci;
/*!40101 SET character_set_client = @saved_cs_client */;

--
-- Dumping data for table `class`
--

LOCK TABLES `class` WRITE;
/*!40000 ALTER TABLE `class` DISABLE KEYS */;
INSERT INTO `class` VALUES ('101','1st Floor, Room 101',13,'9A'),('102','1st Floor, Room 102',13,'9B'),('103','2nd Floor, Room 201',13,'10A'),('104','2nd Floor, Room 202',13,'10B'),('105','3rd Floor, Room 301',12,'11A'),('106','3rd Floor, Room 302',12,'11B'),('107','4th Floor, Room 401',12,'12A'),('108','4th Floor, Room 402',12,'12B');
/*!40000 ALTER TABLE `class` ENABLE KEYS */;
UNLOCK TABLES;

--
-- Table structure for table `coordinates`
--

DROP TABLE IF EXISTS `coordinates`;
/*!40101 SET @saved_cs_client     = @@character_set_client */;
/*!40101 SET character_set_client = utf8 */;
CREATE TABLE `coordinates` (
  `MonthlyEvaluation` varchar(150) DEFAULT NULL,
  `Coordi_ID` varchar(10) DEFAULT NULL,
  KEY `Coordi_ID` (`Coordi_ID`),
  CONSTRAINT `coordinates_ibfk_1` FOREIGN KEY (`Coordi_ID`) REFERENCES `employee` (`EmployeeID`)
) ENGINE=InnoDB DEFAULT CHARSET=utf8mb4 COLLATE=utf8mb4_general_ci;
/*!40101 SET character_set_client = @saved_cs_client */;

--
-- Dumping data for table `coordinates`
--

LOCK TABLES `coordinates` WRITE;
/*!40000 ALTER TABLE `coordinates` DISABLE KEYS */;
INSERT INTO `coordinates` VALUES ('The math classes are progressing well with good student engagement.','C001'),('The English curriculum implementation is effective, and students are showing improvement in reading comprehension.','C002'),('Physics experiments are being conducted smoothly, and students are actively participating.','C003'),('Biology labs are well-organized, and students are demonstrating a good understanding of the concepts.','C004'),('The chemistry curriculum is being delivered effectively, and students are achieving good results in assessments.','C005'),('Computer science lessons are engaging, and students are grasping programming concepts effectively.','C006');
/*!40000 ALTER TABLE `coordinates` ENABLE KEYS */;
UNLOCK TABLES;

--
-- Table structure for table `employee`
--

DROP TABLE IF EXISTS `employee`;
/*!40101 SET @saved_cs_client     = @@character_set_client */;
/*!40101 SET character_set_client = utf8 */;
CREATE TABLE `employee` (
  `EmployeeID` varchar(10) NOT NULL,
  `eContact` varchar(10) DEFAULT NULL,
  `eAddress` varchar(20) DEFAULT NULL,
  `eType` varchar(10) DEFAULT NULL,
  `eGender` varchar(10) DEFAULT NULL,
  `eName` varchar(20) DEFAULT NULL,
  `eDOB` date DEFAULT NULL,
  PRIMARY KEY (`EmployeeID`)
) ENGINE=InnoDB DEFAULT CHARSET=utf8mb4 COLLATE=utf8mb4_general_ci;
/*!40101 SET character_set_client = @saved_cs_client */;

--
-- Dumping data for table `employee`
--

LOCK TABLES `employee` WRITE;
/*!40000 ALTER TABLE `employee` DISABLE KEYS */;
INSERT INTO `employee` VALUES ('A001','0123456789','109 Maple Avenue, Wi','administra','Male','Omar Fahmi','1983-01-20'),('A002','1234567890','432 Pinecrest Drive,','administra','Male','Ali Al-Masri','1998-10-15'),('A003','2345678901','765 Cedar Lane, Oakw','administra','Female','Lina Hamdi','1969-09-14'),('A004','3456789012','098 Birchwood Court,','administra','Male','Nasser Al-Din','1982-07-22'),('A005','8901234567','543 Elmwood Drive, O','administra','Female','Layla Al-Said','1977-08-03'),('A006','9012345678','876 Pinecrest Lane, ','administra','Male','Fadi Al-Hajj','1991-04-15'),('C001','6789012345','987 Cedar Avenue, Su','coordinato','Female','Mariam Said','1973-06-18'),('C002','7890123456','210 Birch Street, Fo','coordinato','Male','Omar Al-Farsi','1987-11-30'),('C003','8901234567','543 Oakwood Drive, S','coordinato','Female','Rana Nassar','1992-08-08'),('C004','9012345678','876 Elmwood Avenue, ','coordinato','Male','Karim Abdel-Hadi','1976-04-05'),('C005','6789012345','987 Cedarwood Road, ','coordinato','Female','Nadia Khalifa','1974-06-10'),('C006','7890123456','210 Maplewood Avenue','coordinato','Male','Hussein Al-Husseini','1993-12-05'),('T001','1234567890','123 Main Street, Spr','teacher','Male','Ahmed Al-Mansouri','1980-05-15'),('T002','2345678901','456 Oak Avenue, Lake','teacher','Female','Fatima Khalid','1975-09-20'),('T003','3456789012','789 Elm Road, Hillto','teacher','Male','Youssef Abdel-Rahman','1978-12-10'),('T004','4567890123','321 Maple Lane, Rive','teacher','Female','Layla Mahmoud','1995-03-25'),('T005','5678901234','654 Pine Street, Val','teacher','Male','Hassan Farouk','1980-07-03'),('T006','4567890123','321 Willowbrook Lane','teacher','Female','Noura Al-Mohammed','1971-05-17'),('T007','5678901234','654 Oakcrest Avenue,','teacher','Male','Mohammed Hassan','1988-02-28'),('T008','2345678901','567 Cedar Lane, Sunn','teacher','Male','Yousef Al-Mansour','1982-08-05'),('T009','3456789012','890 Elmwood Avenue, ','teacher','Female','Laila Hassan','1977-03-10'),('T010','4567890123','123 Maple Avenue, Wi','teacher','Male','Ahmad Khalid','1990-11-15'),('T011','5678901234','456 Pine Street, Val','teacher','Female','Nadia Mahmoud','1985-07-20'),('T012','6789012345','789 Oakwood Drive, S','teacher','Male','Omar Farouk','1978-12-03'),('T013','7890123456','210 Maple Lane, Rive','teacher','Female','Sara Ahmed','1993-09-25'),('T014','8901234567','543 Cedar Avenue, Su','teacher','Male','Fatih Rahman','1980-04-30'),('T015','9012345678','876 Elm Road, Hillto','teacher','Female','Layla Mustafa','1975-02-12'),('T016','0123456789','109 Oakcrest Avenue,','teacher','Male','Ali Hamdi','1989-06-07'),('T017','1234567890','432 Cedarwood Road, ','teacher','Female','Noura Hassan','1984-10-18'),('T018','2345678901','654 Pine Avenue, Spr','teacher','Male','Khalid Al-Farsi','1983-08-15'),('T019','3456789012','876 Oak Street, Foun','teacher','Female','Amira Abdel-Rahim','1986-11-20'),('T020','4567890123','109 Elm Lane, Riverd','teacher','Male','Ahmad Mahmoud','1981-07-10'),('T021','5678901234','321 Maplewood Drive,','teacher','Female','Rana Khalifa','1976-05-05'),('T022','6789012345','543 Cedar Avenue, Su','teacher','Male','Karim Hassan','1989-09-28'),('T023','7890123456','765 Elmwood Road, Hi','teacher','Female','Yasmin Al-Mohammed','1979-03-22'),('T024','8901234567','987 Pinecrest Lane, ','teacher','Male','Omar Farid','1984-02-17');
/*!40000 ALTER TABLE `employee` ENABLE KEYS */;
UNLOCK TABLES;

--
-- Table structure for table `exam`
--

DROP TABLE IF EXISTS `exam`;
/*!40101 SET @saved_cs_client     = @@character_set_client */;
/*!40101 SET character_set_client = utf8 */;
CREATE TABLE `exam` (
  `ExamID` varchar(10) NOT NULL,
  `examName` varchar(20) DEFAULT NULL,
  `examDate` date DEFAULT NULL,
  `Subj_ID` varchar(10) DEFAULT NULL,
  PRIMARY KEY (`ExamID`),
  KEY `Subj_ID` (`Subj_ID`),
  CONSTRAINT `exam_ibfk_1` FOREIGN KEY (`Subj_ID`) REFERENCES `subject` (`SubjectID`)
) ENGINE=InnoDB DEFAULT CHARSET=utf8mb4 COLLATE=utf8mb4_general_ci;
/*!40101 SET character_set_client = @saved_cs_client */;

--
-- Dumping data for table `exam`
--

LOCK TABLES `exam` WRITE;
/*!40000 ALTER TABLE `exam` DISABLE KEYS */;
INSERT INTO `exam` VALUES ('10_BIO102','Biology Final Exam','2024-06-17','BIO102'),('10_CHEM102','Chemistry Final Exam','2024-06-19','CHEM102'),('10_COMP102','Computer Science Fin','2024-06-22','COMP102'),('10_ENG102','English Final Exam','2024-06-12','ENG102'),('10_MATH102','Mathematics Final Ex','2024-06-10','MATH102'),('10_PHYS102','Physics Final Exam','2024-06-15','PHYS102'),('11_BIO103','Biology Final Exam','2024-06-17','BIO103'),('11_CHEM103','Chemistry Final Exam','2024-06-19','CHEM103'),('11_COMP103','Computer Science Fin','2024-06-22','COMP103'),('11_ENG103','English Final Exam','2024-06-12','ENG103'),('11_MATH103','Mathematics Final Ex','2024-06-10','MATH103'),('11_PHYS103','Physics Final Exam','2024-06-15','PHYS103'),('12_BIO104','Biology Final Exam','2024-06-17','BIO104'),('12_CHEM104','Chemistry Final Exam','2024-06-19','CHEM104'),('12_COMP104','Computer Science Fin','2024-06-22','COMP104'),('12_ENG104','English Final Exam','2024-06-12','ENG104'),('12_MATH104','Mathematics Final Ex','2024-06-10','MATH104'),('12_PHYS104','Physics Final Exam','2024-06-15','PHYS104'),('9_BIO101','Biology Final Exam','2024-06-17','BIO101'),('9_CHEM101','Chemistry Final Exam','2024-06-19','CHEM101'),('9_COMP101','Computer Science Fin','2024-06-22','COMP101'),('9_ENG101','English Final Exam','2024-06-12','ENG101'),('9_MATH101','Mathematics Final Ex','2024-06-10','MATH101'),('9_PHYS101','Physics Final Exam','2024-06-15','PHYS101');
/*!40000 ALTER TABLE `exam` ENABLE KEYS */;
UNLOCK TABLES;

--
-- Table structure for table `grade`
--

DROP TABLE IF EXISTS `grade`;
/*!40101 SET @saved_cs_client     = @@character_set_client */;
/*!40101 SET character_set_client = utf8 */;
CREATE TABLE `grade` (
  `GradeID` varchar(10) NOT NULL,
  `mark` varchar(30) DEFAULT NULL,
  `Subj_ID` varchar(10) DEFAULT NULL,
  `S_ID` varchar(10) DEFAULT NULL,
  PRIMARY KEY (`GradeID`),
  KEY `Subj_ID` (`Subj_ID`),
  KEY `fk_student_id` (`S_ID`),
  CONSTRAINT `fk_student_id` FOREIGN KEY (`S_ID`) REFERENCES `student` (`StudentID`),
  CONSTRAINT `grade_ibfk_1` FOREIGN KEY (`Subj_ID`) REFERENCES `subject` (`SubjectID`)
) ENGINE=InnoDB DEFAULT CHARSET=utf8mb4 COLLATE=utf8mb4_general_ci;
/*!40101 SET character_set_client = @saved_cs_client */;

--
-- Dumping data for table `grade`
--

LOCK TABLES `grade` WRITE;
/*!40000 ALTER TABLE `grade` DISABLE KEYS */;
INSERT INTO `grade` VALUES ('678a95d4-0','91%','BIO101','S001'),('678ae585-0','89%','CHEM101','S001'),('678ae6cf-0','96%','COMP101','S001'),('678ae738-0','88%','ENG101','S001'),('678aebac-0','95%','MATH101','S001'),('678b5b61-0','91%','PHYS101','S001'),('678b5c8a-0','91%','BIO101','S002'),('678b5cf6-0','82%','CHEM101','S002'),('678b5d6b-0','97%','COMP101','S002'),('678b5dbc-0','95%','ENG101','S002'),('678b5e5d-0','87%','MATH101','S002'),('678b5eb7-0','91%','PHYS101','S002'),('678b5f17-0','91%','BIO101','S003'),('678b5f63-0','82%','CHEM101','S003'),('678b5fb1-0','81%','COMP101','S003'),('678b614c-0','98%','ENG101','S003'),('678b61b2-0','85%','MATH101','S003'),('678b61ff-0','94%','PHYS101','S003'),('678b625c-0','93%','BIO101','S004'),('678b62a8-0','81%','CHEM101','S004'),('678b62f0-0','91%','COMP101','S004'),('678b6336-0','91%','ENG101','S004'),('678b6387-0','82%','MATH101','S004'),('678b63cc-0','98%','PHYS101','S004'),('678b641a-0','80%','BIO101','S005'),('678b6466-0','90%','CHEM101','S005'),('678b64ae-0','88%','COMP101','S005'),('678b64f4-0','93%','ENG101','S005'),('678b653a-0','99%','MATH101','S005'),('678b6581-0','95%','PHYS101','S005'),('678b65d5-0','97%','BIO101','S006'),('678b661f-0','98%','CHEM101','S006'),('678b6669-0','81%','COMP101','S006'),('678b66b1-0','92%','ENG101','S006'),('678b66f7-0','97%','MATH101','S006'),('678b673c-0','88%','PHYS101','S006'),('678b6791-0','91%','BIO101','S007'),('678b67e2-0','90%','CHEM101','S007'),('678b682a-0','98%','COMP101','S007'),('678b6874-0','98%','ENG101','S007'),('678b68bf-0','97%','MATH101','S007'),('678b6905-0','90%','PHYS101','S007'),('678b6954-0','80%','BIO101','S008'),('678b699c-0','94%','CHEM101','S008'),('678b69e9-0','85%','COMP101','S008'),('678b6a35-0','85%','ENG101','S008'),('678b6a7e-0','90%','MATH101','S008'),('678b6ac6-0','96%','PHYS101','S008'),('678b6b15-0','88%','BIO101','S009'),('678b6b5f-0','94%','CHEM101','S009'),('678b6ba6-0','85%','COMP101','S009'),('678b6bee-0','85%','ENG101','S009'),('678b6c3b-0','90%','MATH101','S009'),('678b6c83-0','93%','PHYS101','S009'),('678b6cd2-0','95%','BIO101','S010'),('678b6d1a-0','96%','CHEM101','S010'),('678b6d6c-0','94%','COMP101','S010'),('678b6db4-0','81%','ENG101','S010'),('678b6e01-0','87%','MATH101','S010'),('678b6e4d-0','91%','PHYS101','S010'),('678b6e9e-0','95%','BIO101','S011'),('678b6eec-0','100%','CHEM101','S011'),('678b6f34-0','95%','COMP101','S011'),('678b6f7d-0','96%','ENG101','S011'),('678b6fc6-0','92%','MATH101','S011'),('678b700d-0','96%','PHYS101','S011'),('678b705b-0','80%','BIO101','S012'),('678b70a3-0','94%','CHEM101','S012'),('678b70ec-0','89%','COMP101','S012'),('678b713a-0','85%','ENG101','S012'),('678b7181-0','97%','MATH101','S012'),('678b71c9-0','88%','PHYS101','S012'),('678b7217-0','91%','BIO101','S013'),('678b7261-0','90%','CHEM101','S013'),('678b72aa-0','97%','COMP101','S013'),('678b72f3-0','93%','ENG101','S013'),('678b733d-0','93%','MATH101','S013'),('678b7385-0','89%','PHYS101','S013'),('678b73d6-0','84%','BIO101','S014'),('678b741e-0','93%','CHEM101','S014'),('678b746a-0','95%','COMP101','S014'),('678b74b1-0','93%','ENG101','S014'),('678b74f8-0','80%','MATH101','S014'),('678b7541-0','82%','PHYS101','S014'),('678b782a-0','92%','BIO101','S015'),('678b7a2e-0','94%','CHEM101','S015'),('678b7af0-0','91%','COMP101','S015'),('678b7b98-0','96%','ENG101','S015'),('678b7c3e-0','85%','MATH101','S015'),('678b7cdc-0','99%','PHYS101','S015'),('678b7daa-0','99%','BIO101','S016'),('678b7e4c-0','96%','CHEM101','S016'),('678b7ee8-0','82%','COMP101','S016'),('678b7f86-0','87%','ENG101','S016'),('678b8025-0','87%','MATH101','S016'),('678b80c2-0','93%','PHYS101','S016'),('678b817c-0','84%','BIO101','S017'),('678b8221-0','81%','CHEM101','S017'),('678b82be-0','97%','COMP101','S017'),('678b8353-0','100%','ENG101','S017'),('678b83f6-0','85%','MATH101','S017'),('678b8491-0','87%','PHYS101','S017'),('678b854a-0','100%','BIO101','S018'),('678b85e9-0','98%','CHEM101','S018'),('678b868e-0','87%','COMP101','S018'),('678b8727-0','86%','ENG101','S018'),('678b87c1-0','87%','MATH101','S018'),('678b8863-0','96%','PHYS101','S018'),('678b8a0c-0','100%','BIO101','S019'),('678b8ac7-0','89%','CHEM101','S019'),('678b8b67-0','85%','COMP101','S019'),('678b8c01-0','80%','ENG101','S019'),('678b8c9e-0','88%','MATH101','S019'),('678b8d38-0','100%','PHYS101','S019'),('678b8dec-0','94%','BIO101','S020'),('678b8e8b-0','91%','CHEM101','S020'),('678b8f29-0','94%','COMP101','S020'),('678b8fc8-0','97%','ENG101','S020'),('678b9067-0','80%','MATH101','S020'),('678b9102-0','94%','PHYS101','S020'),('678b91b3-0','86%','BIO101','S021'),('678b9250-0','89%','CHEM101','S021'),('678b92f1-0','85%','COMP101','S021'),('678b94dd-0','82%','ENG101','S021'),('678b95ae-0','94%','MATH101','S021'),('678b9658-0','83%','PHYS101','S021'),('678b970a-0','93%','BIO101','S022'),('678b97a1-0','97%','CHEM101','S022'),('678b9833-0','83%','COMP101','S022'),('678b98bd-0','85%','ENG101','S022'),('678b9947-0','97%','MATH101','S022'),('678b99d7-0','90%','PHYS101','S022'),('678b9a78-0','97%','BIO101','S023'),('678b9b0b-0','96%','CHEM101','S023'),('678b9b95-0','86%','COMP101','S023'),('678b9c22-0','84%','ENG101','S023'),('678b9cb1-0','84%','MATH101','S023'),('678b9d3b-0','88%','PHYS101','S023'),('678b9dd7-0','88%','BIO101','S024'),('678b9e67-0','96%','CHEM101','S024'),('678b9ef3-0','94%','COMP101','S024'),('678b9f80-0','81%','ENG101','S024'),('678ba00a-0','87%','MATH101','S024'),('678ba096-0','90%','PHYS101','S024'),('678ba137-0','89%','BIO101','S025'),('678ba1c4-0','97%','CHEM101','S025'),('678ba24c-0','97%','COMP101','S025'),('678ba2d8-0','93%','ENG101','S025'),('678ba367-0','94%','MATH101','S025'),('678ba3ef-0','92%','PHYS101','S025'),('678ba490-0','97%','BIO101','S026'),('678ba521-0','90%','CHEM101','S026'),('678ba5ae-0','98%','COMP101','S026'),('678ba636-0','100%','ENG101','S026'),('678ba6bf-0','85%','MATH101','S026'),('678ba74d-0','87%','PHYS101','S026'),('83268143-0','80%','BIO102','S027'),('8326ccb3-0','99%','CHEM102','S027'),('8326cdbb-0','94%','COMP102','S027'),('8326ce3a-0','94%','ENG102','S027'),('8326ceb5-0','87%','MATH102','S027'),('8326cf20-0','95%','PHYS102','S027'),('8326cfc6-0','91%','BIO102','S028'),('8326d028-0','89%','CHEM102','S028'),('8326d084-0','95%','COMP102','S028'),('8326d0db-0','88%','ENG102','S028'),('8326d12e-0','94%','MATH102','S028'),('8326d18d-0','84%','PHYS102','S028'),('8326d1ee-0','80%','BIO102','S029'),('8326d246-0','92%','CHEM102','S029'),('8326d29f-0','95%','COMP102','S029'),('8326d301-0','81%','ENG102','S029'),('8326d35d-0','100%','MATH102','S029'),('8326d3b1-0','95%','PHYS102','S029'),('8326d414-0','96%','BIO102','S030'),('8326d4cc-0','93%','CHEM102','S030'),('8326d531-0','97%','COMP102','S030'),('8326d585-0','85%','ENG102','S030'),('8326d5db-0','96%','MATH102','S030'),('8326d649-0','81%','PHYS102','S030'),('8326d759-0','83%','BIO102','S031'),('8326d7ea-0','91%','CHEM102','S031'),('8326d844-0','85%','COMP102','S031'),('8326e583-0','92%','ENG102','S031'),('8326e6be-0','84%','MATH102','S031'),('832747a5-0','87%','PHYS102','S031'),('83274836-0','81%','BIO102','S032'),('832748b9-0','84%','CHEM102','S032'),('832748fe-0','100%','COMP102','S032'),('83274960-0','86%','ENG102','S032'),('832749ba-0','89%','MATH102','S032'),('83274a22-0','89%','PHYS102','S032'),('83274a8c-0','96%','BIO102','S033'),('83274aee-0','94%','CHEM102','S033'),('83274b40-0','83%','COMP102','S033'),('83274b8c-0','92%','ENG102','S033'),('83274be0-0','89%','MATH102','S033'),('83274c2f-0','93%','PHYS102','S033'),('83274c87-0','95%','BIO102','S034'),('83274d24-0','95%','CHEM102','S034'),('83274d76-0','90%','COMP102','S034'),('83274e16-0','87%','ENG102','S034'),('83274e5f-0','83%','MATH102','S034'),('83274ea8-0','95%','PHYS102','S034'),('83274efa-0','84%','BIO102','S035'),('83274f6a-0','97%','CHEM102','S035'),('83274fb2-0','90%','COMP102','S035'),('83274ff8-0','80%','ENG102','S035'),('8327503d-0','94%','MATH102','S035'),('8327508a-0','85%','PHYS102','S035'),('832750d4-0','87%','BIO102','S036'),('83275119-0','97%','CHEM102','S036'),('83275164-0','85%','COMP102','S036'),('832751aa-0','97%','ENG102','S036'),('832751ef-0','85%','MATH102','S036'),('83275233-0','95%','PHYS102','S036'),('8327527e-0','81%','BIO102','S037'),('832752c2-0','81%','CHEM102','S037'),('83275304-0','85%','COMP102','S037'),('83275347-0','100%','ENG102','S037'),('8327538d-0','81%','MATH102','S037'),('832753d2-0','89%','PHYS102','S037'),('8327541b-0','81%','BIO102','S038'),('8327545e-0','81%','CHEM102','S038'),('832754a2-0','81%','COMP102','S038'),('832754e6-0','82%','ENG102','S038'),('83275528-0','87%','MATH102','S038'),('8327556d-0','89%','PHYS102','S038'),('832755b6-0','83%','BIO102','S039'),('83275601-0','90%','CHEM102','S039'),('83275643-0','80%','COMP102','S039'),('83275684-0','94%','ENG102','S039'),('832756c6-0','86%','MATH102','S039'),('83275708-0','90%','PHYS102','S039'),('83275752-0','91%','BIO102','S040'),('83275794-0','84%','CHEM102','S040'),('832757d8-0','91%','COMP102','S040'),('8327581b-0','100%','ENG102','S040'),('8327585d-0','85%','MATH102','S040'),('8327589f-0','87%','PHYS102','S040'),('832758e7-0','99%','BIO102','S041'),('83275e04-0','95%','CHEM102','S041'),('83275f6a-0','96%','COMP102','S041'),('83275fc8-0','97%','ENG102','S041'),('8327601c-0','96%','MATH102','S041'),('83276062-0','88%','PHYS102','S041'),('832760d9-0','95%','BIO102','S042'),('83276120-0','88%','CHEM102','S042'),('8327616a-0','95%','COMP102','S042'),('832761ad-0','90%','ENG102','S042'),('832761ef-0','84%','MATH102','S042'),('83276231-0','93%','PHYS102','S042'),('8327627d-0','90%','BIO102','S043'),('832762c2-0','92%','CHEM102','S043'),('83276308-0','92%','COMP102','S043'),('8327634d-0','81%','ENG102','S043'),('83276394-0','93%','MATH102','S043'),('832763d6-0','80%','PHYS102','S043'),('83276420-0','81%','BIO102','S044'),('83276464-0','87%','CHEM102','S044'),('832764af-0','92%','COMP102','S044'),('832764f5-0','100%','ENG102','S044'),('83276537-0','80%','MATH102','S044'),('83276579-0','85%','PHYS102','S044'),('832765c4-0','85%','BIO102','S045'),('83276607-0','89%','CHEM102','S045'),('832766d5-0','92%','COMP102','S045'),('83276713-0','89%','ENG102','S045'),('83276746-0','91%','MATH102','S045'),('8327676e-0','86%','PHYS102','S045'),('832767a1-0','99%','BIO102','S046'),('832767c9-0','94%','CHEM102','S046'),('832767f0-0','92%','COMP102','S046'),('83276814-0','81%','ENG102','S046'),('83276836-0','89%','MATH102','S046'),('8327685b-0','100%','PHYS102','S046'),('83276885-0','93%','BIO102','S047'),('832768ac-0','84%','CHEM102','S047'),('832768d0-0','81%','COMP102','S047'),('832768f8-0','98%','ENG102','S047'),('8327691d-0','81%','MATH102','S047'),('83276941-0','96%','PHYS102','S047'),('83276968-0','94%','BIO102','S048'),('8327698e-0','83%','CHEM102','S048'),('832769b3-0','96%','COMP102','S048'),('832769d7-0','89%','ENG102','S048'),('832769fc-0','98%','MATH102','S048'),('83276a20-0','80%','PHYS102','S048'),('83276a49-0','91%','BIO102','S049'),('83276a6e-0','93%','CHEM102','S049'),('83276a92-0','92%','COMP102','S049'),('83276ab7-0','80%','ENG102','S049'),('83276add-0','85%','MATH102','S049'),('83276b00-0','86%','PHYS102','S049'),('83276b29-0','97%','BIO102','S050'),('83276b4e-0','81%','CHEM102','S050'),('83276b73-0','80%','COMP102','S050'),('83276b96-0','97%','ENG102','S050'),('83276bb9-0','81%','MATH102','S050'),('83276bde-0','96%','PHYS102','S050'),('83276c06-0','96%','BIO102','S051'),('83276c2b-0','90%','CHEM102','S051'),('83276c4e-0','84%','COMP102','S051'),('83276c72-0','91%','ENG102','S051'),('83276c96-0','81%','MATH102','S051'),('83276cb9-0','96%','PHYS102','S051'),('83276cdf-0','93%','BIO102','S052'),('83276d04-0','97%','CHEM102','S052'),('83276d29-0','83%','COMP102','S052'),('83276d4c-0','89%','ENG102','S052'),('83276d70-0','96%','MATH102','S052'),('83276d99-0','91%','PHYS102','S052'),('8fabadc6-0','88%','BIO103','S053'),('8fabfe6d-0','89%','CHEM103','S053'),('8fabff62-0','100%','COMP103','S053'),('8fabffcd-0','89%','ENG103','S053'),('8fac0041-0','86%','MATH103','S053'),('8fac009c-0','83%','PHYS103','S053'),('8fac0140-0','81%','BIO103','S054'),('8fac019f-0','94%','CHEM103','S054'),('8fac01fd-0','85%','COMP103','S054'),('8fac0255-0','84%','ENG103','S054'),('8fac02b2-0','85%','MATH103','S054'),('8fac030d-0','96%','PHYS103','S054'),('8fac036e-0','83%','BIO103','S055'),('8fac03c7-0','90%','CHEM103','S055'),('8fac041a-0','97%','COMP103','S055'),('8fac0476-0','97%','ENG103','S055'),('8fac04cf-0','91%','MATH103','S055'),('8fac0522-0','86%','PHYS103','S055'),('8fac057f-0','97%','BIO103','S056'),('8fac05db-0','87%','CHEM103','S056'),('8fac0632-0','85%','COMP103','S056'),('8fac0689-0','83%','ENG103','S056'),('8fac06df-0','82%','MATH103','S056'),('8fac0735-0','82%','PHYS103','S056'),('8fac0794-0','83%','BIO103','S057'),('8fac07ea-0','89%','CHEM103','S057'),('8fac083d-0','97%','COMP103','S057'),('8fac0890-0','97%','ENG103','S057'),('8fac08e8-0','93%','MATH103','S057'),('8fac093c-0','92%','PHYS103','S057'),('8fac099d-0','83%','BIO103','S058'),('8fac09fc-0','81%','CHEM103','S058'),('8fac0a57-0','95%','COMP103','S058'),('8fac0aad-0','90%','ENG103','S058'),('8fac0b06-0','88%','MATH103','S058'),('8fac0b5e-0','88%','PHYS103','S058'),('8fac0c18-0','99%','BIO103','S059'),('8fac0c73-0','89%','CHEM103','S059'),('8fac0cb8-0','87%','COMP103','S059'),('8fac0d02-0','91%','ENG103','S059'),('8fac0d4f-0','93%','MATH103','S059'),('8fac4195-0','91%','PHYS103','S059'),('8fac430e-0','96%','BIO103','S060'),('8fac4b5a-0','84%','CHEM103','S060'),('8fac4bef-0','95%','COMP103','S060'),('8faca7ba-0','81%','ENG103','S060'),('8faca8a8-0','83%','MATH103','S060'),('8faca90d-0','94%','PHYS103','S060'),('8faca992-0','96%','BIO103','S061'),('8faca9e5-0','80%','CHEM103','S061'),('8facaa2f-0','94%','COMP103','S061'),('8facaa7c-0','90%','ENG103','S061'),('8facab6a-0','86%','MATH103','S061'),('8facac10-0','100%','PHYS103','S061'),('8facac6e-0','80%','BIO103','S062'),('8facad42-0','85%','CHEM103','S062'),('8facada3-0','84%','COMP103','S062'),('8facadeb-0','85%','ENG103','S062'),('8facae2f-0','95%','MATH103','S062'),('8facae78-0','97%','PHYS103','S062'),('8facaecc-0','81%','BIO103','S063'),('8facaf15-0','95%','CHEM103','S063'),('8facaf5a-0','91%','COMP103','S063'),('8facaf9f-0','90%','ENG103','S063'),('8facafe6-0','98%','MATH103','S063'),('8facb029-0','98%','PHYS103','S063'),('8facb074-0','96%','BIO103','S064'),('8facb0b6-0','85%','CHEM103','S064'),('8facb0fc-0','80%','COMP103','S064'),('8facb142-0','87%','ENG103','S064'),('8facb186-0','93%','MATH103','S064'),('8facb1ca-0','84%','PHYS103','S064'),('8facb215-0','81%','BIO103','S065'),('8facb25b-0','96%','CHEM103','S065'),('8facb2a1-0','93%','COMP103','S065'),('8facb2e4-0','100%','ENG103','S065'),('8facb329-0','96%','MATH103','S065'),('8facb36c-0','82%','PHYS103','S065'),('8facb3b6-0','85%','BIO103','S066'),('8facb3fa-0','97%','CHEM103','S066'),('8facb43f-0','88%','COMP103','S066'),('8facb483-0','89%','ENG103','S066'),('8facb4c5-0','83%','MATH103','S066'),('8facb541-0','88%','PHYS103','S066'),('8facb59d-0','93%','BIO103','S067'),('8facb5e4-0','99%','CHEM103','S067'),('8facb626-0','94%','COMP103','S067'),('8facb66c-0','92%','ENG103','S067'),('8facb6b0-0','99%','MATH103','S067'),('8facb6f2-0','99%','PHYS103','S067'),('8facb73b-0','97%','BIO103','S068'),('8facb780-0','89%','CHEM103','S068'),('8facb7c5-0','97%','COMP103','S068'),('8facb809-0','93%','ENG103','S068'),('8facb84d-0','94%','MATH103','S068'),('8facb890-0','92%','PHYS103','S068'),('8facb8d9-0','98%','BIO103','S069'),('8facb91c-0','93%','CHEM103','S069'),('8facb966-0','90%','COMP103','S069'),('8facb9aa-0','93%','ENG103','S069'),('8facba0f-0','95%','MATH103','S069'),('8facba52-0','93%','PHYS103','S069'),('8facba9c-0','83%','BIO103','S070'),('8facbae3-0','97%','CHEM103','S070'),('8facbb2b-0','92%','COMP103','S070'),('8facbb6e-0','91%','ENG103','S070'),('8facbbaf-0','100%','MATH103','S070'),('8facbbf6-0','86%','PHYS103','S070'),('8facbc41-0','90%','BIO103','S071'),('8facbc88-0','94%','CHEM103','S071'),('8facbccb-0','96%','COMP103','S071'),('8facbd0e-0','80%','ENG103','S071'),('8facbd54-0','95%','MATH103','S071'),('8facbd99-0','91%','PHYS103','S071'),('8facbde0-0','91%','BIO103','S072'),('8facbffd-0','83%','CHEM103','S072'),('8facc07f-0','83%','COMP103','S072'),('8facc0d1-0','86%','ENG103','S072'),('8facc100-0','83%','MATH103','S072'),('8facc12f-0','96%','PHYS103','S072'),('8facc169-0','88%','BIO103','S073'),('8facc194-0','94%','CHEM103','S073'),('8facc1be-0','85%','COMP103','S073'),('8facc1e9-0','86%','ENG103','S073'),('8facc225-0','92%','MATH103','S073'),('8facc26c-0','83%','PHYS103','S073'),('8facc2b9-0','80%','BIO103','S074'),('8facc2fe-0','90%','CHEM103','S074'),('8facc345-0','92%','COMP103','S074'),('8facc38f-0','89%','ENG103','S074'),('8facc3d3-0','89%','MATH103','S074'),('8facc417-0','98%','PHYS103','S074'),('8facc462-0','80%','BIO103','S075'),('8facc4a7-0','92%','CHEM103','S075'),('8facc4ec-0','98%','COMP103','S075'),('8facc52e-0','93%','ENG103','S075'),('8facc57a-0','89%','MATH103','S075'),('8facc5bf-0','87%','PHYS103','S075'),('8facc607-0','90%','BIO103','S076'),('8facc64b-0','89%','CHEM103','S076'),('8facc694-0','93%','COMP103','S076'),('8facc6d7-0','100%','ENG103','S076'),('8facc71b-0','100%','MATH103','S076'),('8facc75f-0','100%','PHYS103','S076'),('9b45428d-0','99%','BIO104','S077'),('9b459745-0','95%','CHEM104','S077'),('9b4598f7-0','97%','COMP104','S077'),('9b4599d4-0','80%','ENG104','S077'),('9b459af4-0','90%','MATH104','S077'),('9b459bb7-0','92%','PHYS104','S077'),('9b459cf7-0','86%','BIO104','S078'),('9b459dca-0','98%','CHEM104','S078'),('9b459e96-0','88%','COMP104','S078'),('9b459f54-0','87%','ENG104','S078'),('9b45a007-0','91%','MATH104','S078'),('9b45a0ce-0','94%','PHYS104','S078'),('9b45a1a2-0','99%','BIO104','S079'),('9b45a26a-0','88%','CHEM104','S079'),('9b45a32c-0','87%','COMP104','S079'),('9b45a407-0','89%','ENG104','S079'),('9b45a4c4-0','85%','MATH104','S079'),('9b45a57c-0','100%','PHYS104','S079'),('9b45a651-0','80%','BIO104','S080'),('9b45a71e-0','83%','CHEM104','S080'),('9b45a7dc-0','98%','COMP104','S080'),('9b45a89e-0','95%','ENG104','S080'),('9b45a96c-0','84%','MATH104','S080'),('9b45aa29-0','95%','PHYS104','S080'),('9b45ab00-0','82%','BIO104','S081'),('9b45abc0-0','88%','CHEM104','S081'),('9b45ac85-0','95%','COMP104','S081'),('9b45ad55-0','86%','ENG104','S081'),('9b45ae19-0','87%','MATH104','S081'),('9b45aee2-0','99%','PHYS104','S081'),('9b45afd9-0','93%','BIO104','S082'),('9b45b0ad-0','87%','CHEM104','S082'),('9b45b175-0','98%','COMP104','S082'),('9b45b233-0','86%','ENG104','S082'),('9b45b2ee-0','99%','MATH104','S082'),('9b45b3ac-0','95%','PHYS104','S082'),('9b45b46c-0','99%','BIO104','S083'),('9b45b52c-0','86%','CHEM104','S083'),('9b45b5d8-0','96%','COMP104','S083'),('9b45b685-0','100%','ENG104','S083'),('9b45b728-0','93%','MATH104','S083'),('9b45b7d2-0','83%','PHYS104','S083'),('9b45b882-0','99%','BIO104','S084'),('9b45b921-0','84%','CHEM104','S084'),('9b45b9c0-0','83%','COMP104','S084'),('9b45ba86-0','85%','ENG104','S084'),('9b45bb3c-0','97%','MATH104','S084'),('9b45bbe2-0','89%','PHYS104','S084'),('9b45bc93-0','93%','BIO104','S085'),('9b45bd41-0','99%','CHEM104','S085'),('9b45bde0-0','95%','COMP104','S085'),('9b45bea9-0','96%','ENG104','S085'),('9b45c07b-0','98%','MATH104','S085'),('9b45c133-0','98%','PHYS104','S085'),('9b45c1ea-0','99%','BIO104','S086'),('9b45c293-0','97%','CHEM104','S086'),('9b45c33f-0','89%','COMP104','S086'),('9b45c3e4-0','97%','ENG104','S086'),('9b45c481-0','95%','MATH104','S086'),('9b45c52e-0','84%','PHYS104','S086'),('9b45c5e4-0','99%','BIO104','S087'),('9b45c698-0','99%','CHEM104','S087'),('9b45c739-0','98%','COMP104','S087'),('9b45c7de-0','91%','ENG104','S087'),('9b45c87b-0','83%','MATH104','S087'),('9b45c919-0','83%','PHYS104','S087'),('9b45c9c5-0','85%','BIO104','S088'),('9b45ca63-0','96%','CHEM104','S088'),('9b45cafe-0','84%','COMP104','S088'),('9b45cb9c-0','95%','ENG104','S088'),('9b45cc35-0','80%','MATH104','S088'),('9b45ccd1-0','99%','PHYS104','S088'),('9b45cd81-0','90%','BIO104','S089'),('9b45fba1-0','96%','CHEM104','S089'),('9b45fe84-0','90%','COMP104','S089'),('9b45ff2f-0','80%','ENG104','S089'),('9b45ffd7-0','92%','MATH104','S089'),('9b46006f-0','97%','PHYS104','S089'),('9b460173-0','91%','BIO104','S090'),('9b460215-0','81%','CHEM104','S090'),('9b4602af-0','97%','COMP104','S090'),('9b460340-0','100%','ENG104','S090'),('9b4603cd-0','88%','MATH104','S090'),('9b460460-0','100%','PHYS104','S090'),('9b46050b-0','97%','BIO104','S091'),('9b4605a7-0','81%','CHEM104','S091'),('9b460634-0','98%','COMP104','S091'),('9b4607e5-0','84%','ENG104','S091'),('9b46087a-0','90%','MATH104','S091'),('9b460905-0','97%','PHYS104','S091'),('9b4609ae-0','95%','BIO104','S092'),('9b460a44-0','83%','CHEM104','S092'),('9b460ad4-0','90%','COMP104','S092'),('9b460b67-0','82%','ENG104','S092'),('9b460bf5-0','82%','MATH104','S092'),('9b460c85-0','85%','PHYS104','S092'),('9b460d2a-0','99%','BIO104','S093'),('9b460dbd-0','98%','CHEM104','S093'),('9b460e4a-0','93%','COMP104','S093'),('9b460ed9-0','92%','ENG104','S093'),('9b460f6e-0','100%','MATH104','S093'),('9b460ffc-0','81%','PHYS104','S093'),('9b4610a2-0','91%','BIO104','S094'),('9b461139-0','87%','CHEM104','S094'),('9b4611cc-0','86%','COMP104','S094'),('9b46125f-0','89%','ENG104','S094'),('9b4612ec-0','86%','MATH104','S094'),('9b461382-0','82%','PHYS104','S094'),('9b461426-0','95%','BIO104','S095'),('9b4614d2-0','87%','CHEM104','S095'),('9b461565-0','89%','COMP104','S095'),('9b4615f6-0','86%','ENG104','S095'),('9b46168a-0','83%','MATH104','S095'),('9b461715-0','97%','PHYS104','S095'),('9b4617b6-0','96%','BIO104','S096'),('9b461846-0','87%','CHEM104','S096'),('9b4618d9-0','88%','COMP104','S096'),('9b461969-0','98%','ENG104','S096'),('9b4619f9-0','85%','MATH104','S096'),('9b461a8b-0','94%','PHYS104','S096'),('9b461b31-0','92%','BIO104','S097'),('9b461bbf-0','99%','CHEM104','S097'),('9b461c4d-0','97%','COMP104','S097'),('9b461cdb-0','88%','ENG104','S097'),('9b461d6e-0','89%','MATH104','S097'),('9b461dfa-0','82%','PHYS104','S097'),('9b461e9f-0','85%','BIO104','S098'),('9b461f32-0','80%','CHEM104','S098'),('9b461fc8-0','85%','COMP104','S098'),('9b462057-0','84%','ENG104','S098'),('9b4620e5-0','84%','MATH104','S098'),('9b462174-0','89%','PHYS104','S098'),('9b46221a-0','95%','BIO104','S099'),('9b4622ae-0','86%','CHEM104','S099'),('9b46233b-0','85%','COMP104','S099'),('9b4623cb-0','87%','ENG104','S099'),('9b46245d-0','80%','MATH104','S099'),('9b4624eb-0','81%','PHYS104','S099'),('9b46258e-0','87%','BIO104','S100'),('9b46261d-0','88%','CHEM104','S100'),('9b4626af-0','82%','COMP104','S100'),('9b462741-0','87%','ENG104','S100'),('9b4627d0-0','86%','MATH104','S100'),('9b46285f-0','91%','PHYS104','S100');
/*!40000 ALTER TABLE `grade` ENABLE KEYS */;
UNLOCK TABLES;

--
-- Table structure for table `predictgrade`
--

DROP TABLE IF EXISTS `predictgrade`;
/*!40101 SET @saved_cs_client     = @@character_set_client */;
/*!40101 SET character_set_client = utf8 */;
CREATE TABLE `predictgrade` (
  `PastGrades` varchar(50) DEFAULT NULL,
  `TeachersComments` varchar(50) DEFAULT NULL,
  `S_ID` varchar(10) DEFAULT NULL,
  `Subj_ID` varchar(10) DEFAULT NULL,
  `predictAverage` varchar(20) DEFAULT NULL,
  KEY `S_ID` (`S_ID`),
  KEY `Subj_ID` (`Subj_ID`),
  CONSTRAINT `predictgrade_ibfk_1` FOREIGN KEY (`S_ID`) REFERENCES `student` (`StudentID`),
  CONSTRAINT `predictgrade_ibfk_2` FOREIGN KEY (`Subj_ID`) REFERENCES `subject` (`SubjectID`)
) ENGINE=InnoDB DEFAULT CHARSET=utf8mb4 COLLATE=utf8mb4_general_ci;
/*!40101 SET character_set_client = @saved_cs_client */;

--
-- Dumping data for table `predictgrade`
--

LOCK TABLES `predictgrade` WRITE;
/*!40000 ALTER TABLE `predictgrade` DISABLE KEYS */;
INSERT INTO `predictgrade` VALUES ('92% 97% 98% 68%','Good','S001','BIO101','88%'),('94% 93% 41% 96%','Good','S001','CHEM101','81%'),('95% 97% 34% 36%','Needs work','S001','COMP101','65%'),('97% 97% 38% 69%','Good','S001','ENG101','75%'),('93% 95% 63% 60%','Good','S001','MATH101','77%'),('91% 98% 70% 02%','Needs work','S001','PHYS101','65%'),('90% 91% 77% 29%','Good','S002','BIO101','71%'),('91% 99% 11% 79%','Good','S002','CHEM101','70%'),('96% 97% 04% 84%','Good','S002','COMP101','70%'),('90% 98% 12% 00%','Needs work','S002','ENG101','50%'),('96% 92% 08% 83%','Needs work','S002','MATH101','69%'),('98% 99% 11% 70%','Needs work','S002','PHYS101','69%'),('91% 96% 97% 78%','Excellent','S003','BIO101','90%'),('99% 95% 02% 35%','Needs work','S003','CHEM101','57%'),('96% 92% 30% 76%','Good','S003','COMP101','73%'),('98% 91% 95% 38%','Good','S003','ENG101','80%'),('90% 91% 39% 63%','Good','S003','MATH101','70%'),('99% 90% 39% 72%','Good','S003','PHYS101','75%'),('94% 99% 64% 22%','Needs work','S004','BIO101','69%'),('92% 94% 50% 21%','Needs work','S004','CHEM101','64%'),('95% 90% 70% 32%','Good','S004','COMP101','71%'),('94% 94% 86% 90%','Excellent','S004','ENG101','91%'),('98% 97% 29% 08%','Needs work','S004','MATH101','58%'),('95% 94% 61% 72%','Good','S004','PHYS101','80%'),('97% 95% 68% 63%','Good','S005','BIO101','80%'),('90% 96% 81% 19%','Good','S005','CHEM101','71%'),('95% 99% 43% 18%','Needs work','S005','COMP101','63%'),('96% 95% 90% 82%','Excellent','S005','ENG101','90%'),('94% 95% 75% 94%','Good','S005','MATH101','89%'),('94% 93% 65% 07%','Needs work','S005','PHYS101','64%'),('94% 98% 05% 68%','Needs work','S006','BIO101','66%'),('92% 92% 27% 74%','Good','S006','CHEM101','71%'),('98% 92% 39% 34%','Needs work','S006','COMP101','65%'),('95% 95% 26% 65%','Good','S006','ENG101','70%'),('94% 91% 65% 68%','Good','S006','MATH101','79%'),('94% 93% 12% 69%','Needs work','S006','PHYS101','67%'),('90% 93% 52% 52%','Good','S007','BIO101','71%'),('90% 96% 23% 14%','Needs work','S007','CHEM101','55%'),('90% 96% 17% 95%','Good','S007','COMP101','74%'),('91% 91% 16% 38%','Needs work','S007','ENG101','59%'),('93% 97% 81% 65%','Good','S007','MATH101','84%'),('98% 91% 30% 03%','Needs work','S007','PHYS101','55%'),('92% 93% 84% 17%','Good','S008','BIO101','71%'),('93% 91% 67% 95%','Good','S008','CHEM101','86%'),('97% 97% 50% 33%','Needs work','S008','COMP101','69%'),('91% 96% 02% 08%','Fail','S008','ENG101','49%'),('93% 94% 43% 67%','Good','S008','MATH101','74%'),('90% 92% 00% 32%','Needs work','S008','PHYS101','53%'),('96% 90% 61% 76%','Good','S009','BIO101','80%'),('99% 96% 31% 59%','Good','S009','CHEM101','71%'),('90% 93% 75% 65%','Good','S009','COMP101','80%'),('90% 90% 42% 83%','Good','S009','ENG101','76%'),('98% 98% 56% 31%','Good','S009','MATH101','70%'),('98% 94% 77% 38%','Good','S009','PHYS101','76%'),('96% 99% 00% 08%','Needs work','S010','BIO101','50%'),('93% 97% 52% 38%','Good','S010','CHEM101','70%'),('93% 95% 81% 33%','Good','S010','COMP101','75%'),('92% 92% 32% 10%','Needs work','S010','ENG101','56%'),('99% 99% 77% 02%','Needs work','S010','MATH101','69%'),('97% 99% 24% 42%','Needs work','S010','PHYS101','65%'),('93% 96% 20% 00%','Needs work','S011','BIO101','52%'),('94% 91% 28% 08%','Needs work','S011','CHEM101','55%'),('95% 95% 88% 86%','Excellent','S011','COMP101','91%'),('96% 97% 80% 69%','Good','S011','ENG101','85%'),('90% 92% 02% 38%','Needs work','S011','MATH101','55%'),('98% 91% 16% 39%','Needs work','S011','PHYS101','61%'),('94% 90% 85% 11%','Good','S012','BIO101','70%'),('90% 98% 25% 62%','Needs work','S012','CHEM101','68%'),('93% 99% 62% 28%','Good','S012','COMP101','70%'),('95% 99% 13% 78%','Good','S012','ENG101','71%'),('94% 91% 19% 57%','Needs work','S012','MATH101','65%'),('92% 95% 09% 75%','Needs work','S012','PHYS101','67%'),('94% 91% 28% 99%','Good','S013','BIO101','78%'),('90% 94% 01% 72%','Needs work','S013','CHEM101','64%'),('95% 95% 04% 63%','Needs work','S013','COMP101','64%'),('90% 91% 65% 84%','Good','S013','ENG101','82%'),('92% 96% 77% 75%','Good','S013','MATH101','85%'),('94% 98% 10% 43%','Needs work','S013','PHYS101','61%'),('91% 95% 25% 59%','Needs work','S014','BIO101','67%'),('92% 93% 88% 47%','Good','S014','CHEM101','80%'),('97% 91% 73% 12%','Needs work','S014','COMP101','68%'),('94% 97% 48% 13%','Needs work','S014','ENG101','63%'),('92% 98% 35% 32%','Needs work','S014','MATH101','64%'),('95% 96% 77% 83%','Good','S014','PHYS101','87%'),('98% 96% 88% 37%','Good','S015','BIO101','79%'),('92% 99% 19% 05%','Needs work','S015','CHEM101','53%'),('97% 93% 67% 25%','Good','S015','COMP101','70%'),('92% 96% 50% 50%','Good','S015','ENG101','72%'),('99% 93% 03% 99%','Good','S015','MATH101','73%'),('98% 91% 42% 58%','Good','S015','PHYS101','72%'),('96% 93% 80% 01%','Needs work','S016','BIO101','67%'),('96% 93% 55% 80%','Good','S016','CHEM101','81%'),('93% 93% 53% 71%','Good','S016','COMP101','77%'),('99% 97% 67% 21%','Good','S016','ENG101','71%'),('90% 96% 05% 35%','Needs work','S016','MATH101','56%'),('95% 98% 71% 86%','Good','S016','PHYS101','87%'),('91% 92% 84% 39%','Good','S017','BIO101','76%'),('94% 90% 70% 51%','Good','S017','CHEM101','76%'),('94% 96% 96% 83%','Excellent','S017','COMP101','92%'),('92% 99% 68% 67%','Good','S017','ENG101','81%'),('93% 96% 22% 18%','Needs work','S017','MATH101','57%'),('92% 97% 81% 88%','Good','S017','PHYS101','89%'),('99% 92% 11% 98%','Good','S018','BIO101','75%'),('95% 97% 18% 63%','Needs work','S018','CHEM101','68%'),('95% 90% 63% 91%','Good','S018','COMP101','84%'),('96% 94% 54% 22%','Needs work','S018','ENG101','66%'),('94% 98% 56% 36%','Good','S018','MATH101','71%'),('91% 96% 73% 73%','Good','S018','PHYS101','83%'),('94% 90% 08% 16%','Needs work','S019','BIO101','52%'),('95% 92% 80% 08%','Needs work','S019','CHEM101','68%'),('90% 99% 83% 13%','Good','S019','COMP101','71%'),('92% 96% 70% 49%','Good','S019','ENG101','76%'),('93% 93% 51% 59%','Good','S019','MATH101','74%'),('94% 92% 18% 06%','Needs work','S019','PHYS101','52%'),('97% 96% 10% 45%','Needs work','S020','BIO101','62%'),('99% 94% 38% 54%','Good','S020','CHEM101','71%'),('95% 91% 09% 02%','Fail','S020','COMP101','49%'),('98% 91% 25% 79%','Good','S020','ENG101','73%'),('91% 95% 33% 93%','Good','S020','MATH101','78%'),('96% 93% 80% 00%','Needs work','S020','PHYS101','67%'),('96% 90% 44% 02%','Needs work','S021','BIO101','58%'),('97% 99% 21% 29%','Needs work','S021','CHEM101','61%'),('98% 93% 08% 48%','Needs work','S021','COMP101','61%'),('91% 91% 30% 11%','Needs work','S021','ENG101','55%'),('96% 99% 75% 93%','Excellent','S021','MATH101','90%'),('93% 91% 61% 58%','Good','S021','PHYS101','75%'),('90% 95% 73% 91%','Good','S022','BIO101','87%'),('93% 99% 68% 57%','Good','S022','CHEM101','79%'),('98% 94% 89% 10%','Good','S022','COMP101','72%'),('92% 95% 63% 63%','Good','S022','ENG101','78%'),('92% 93% 99% 89%','Excellent','S022','MATH101','93%'),('94% 96% 05% 18%','Needs work','S022','PHYS101','53%'),('97% 91% 76% 16%','Good','S023','BIO101','70%'),('95% 93% 03% 12%','Needs work','S023','CHEM101','50%'),('95% 92% 85% 35%','Good','S023','COMP101','76%'),('92% 90% 49% 36%','Needs work','S023','ENG101','66%'),('93% 95% 98% 10%','Good','S023','MATH101','74%'),('95% 95% 11% 88%','Good','S023','PHYS101','72%'),('90% 95% 50% 95%','Good','S024','BIO101','82%'),('92% 93% 92% 62%','Good','S024','CHEM101','84%'),('93% 98% 41% 39%','Needs work','S024','COMP101','67%'),('97% 93% 71% 46%','Good','S024','ENG101','76%'),('91% 94% 60% 73%','Good','S024','MATH101','79%'),('98% 91% 14% 27%','Needs work','S024','PHYS101','57%'),('99% 98% 48% 82%','Good','S025','BIO101','81%'),('96% 97% 95% 38%','Good','S025','CHEM101','81%'),('90% 93% 41% 03%','Needs work','S025','COMP101','56%'),('99% 95% 86% 71%','Good','S025','ENG101','87%'),('99% 96% 36% 88%','Good','S025','MATH101','79%'),('92% 97% 13% 26%','Needs work','S025','PHYS101','57%'),('99% 98% 39% 47%','Good','S026','BIO101','70%'),('91% 94% 73% 31%','Good','S026','CHEM101','72%'),('93% 98% 04% 76%','Needs work','S026','COMP101','67%'),('96% 90% 07% 33%','Needs work','S026','ENG101','56%'),('94% 93% 17% 93%','Good','S026','MATH101','74%'),('90% 97% 34% 53%','Needs work','S026','PHYS101','68%'),('95% 94% 30% 26%','Needs work','S027','BIO102','61%'),('94% 92% 16% 99%','Good','S027','CHEM102','75%'),('94% 90% 24% 95%','Good','S027','COMP102','75%'),('99% 90% 25% 18%','Needs work','S027','ENG102','58%'),('91% 91% 46% 75%','Good','S027','MATH102','75%'),('93% 95% 87% 54%','Good','S027','PHYS102','82%'),('90% 98% 10% 88%','Good','S028','BIO102','71%'),('90% 97% 71% 14%','Needs work','S028','CHEM102','68%'),('96% 96% 41% 07%','Needs work','S028','COMP102','60%'),('91% 95% 39% 23%','Needs work','S028','ENG102','62%'),('99% 92% 13% 01%','Needs work','S028','MATH102','51%'),('96% 93% 74% 60%','Good','S028','PHYS102','80%'),('98% 92% 85% 46%','Good','S029','BIO102','80%'),('97% 94% 87% 04%','Good','S029','CHEM102','70%'),('96% 90% 25% 18%','Needs work','S029','COMP102','57%'),('91% 91% 22% 74%','Needs work','S029','ENG102','69%'),('90% 98% 06% 89%','Good','S029','MATH102','70%'),('92% 94% 44% 97%','Good','S029','PHYS102','81%'),('94% 95% 50% 69%','Good','S030','BIO102','77%'),('99% 97% 68% 25%','Good','S030','CHEM102','72%'),('92% 94% 64% 75%','Good','S030','COMP102','81%'),('98% 99% 05% 53%','Needs work','S030','ENG102','63%'),('94% 98% 93% 98%','Excellent','S030','MATH102','95%'),('91% 96% 75% 91%','Good','S030','PHYS102','88%'),('92% 97% 77% 66%','Good','S031','BIO102','83%'),('99% 98% 44% 59%','Good','S031','CHEM102','75%'),('96% 93% 82% 08%','Needs work','S031','COMP102','69%'),('99% 96% 16% 97%','Good','S031','ENG102','77%'),('93% 97% 74% 47%','Good','S031','MATH102','77%'),('91% 91% 46% 85%','Good','S031','PHYS102','78%'),('98% 96% 57% 01%','Needs work','S032','BIO102','63%'),('93% 97% 50% 38%','Needs work','S032','CHEM102','69%'),('93% 98% 85% 82%','Good','S032','COMP102','89%'),('95% 92% 75% 92%','Good','S032','ENG102','88%'),('93% 98% 26% 77%','Good','S032','MATH102','73%'),('90% 90% 10% 33%','Needs work','S032','PHYS102','55%'),('93% 97% 62% 92%','Good','S033','BIO102','86%'),('97% 97% 76% 47%','Good','S033','CHEM102','79%'),('90% 90% 96% 62%','Good','S033','COMP102','84%'),('92% 93% 10% 97%','Good','S033','ENG102','73%'),('98% 91% 49% 89%','Good','S033','MATH102','81%'),('99% 91% 02% 57%','Needs work','S033','PHYS102','62%'),('97% 91% 34% 34%','Needs work','S034','BIO102','64%'),('96% 93% 61% 07%','Needs work','S034','CHEM102','64%'),('95% 94% 50% 24%','Needs work','S034','COMP102','65%'),('97% 98% 06% 80%','Good','S034','ENG102','70%'),('97% 95% 22% 60%','Needs work','S034','MATH102','68%'),('92% 96% 56% 72%','Good','S034','PHYS102','79%'),('99% 95% 72% 07%','Needs work','S035','BIO102','68%'),('92% 98% 55% 25%','Needs work','S035','CHEM102','67%'),('96% 93% 88% 32%','Good','S035','COMP102','77%'),('99% 99% 67% 60%','Good','S035','ENG102','81%'),('99% 91% 62% 74%','Good','S035','MATH102','81%'),('98% 90% 83% 87%','Good','S035','PHYS102','89%'),('98% 97% 05% 10%','Needs work','S036','BIO102','52%'),('93% 93% 73% 59%','Good','S036','CHEM102','79%'),('97% 91% 60% 42%','Good','S036','COMP102','72%'),('93% 92% 44% 38%','Needs work','S036','ENG102','66%'),('95% 98% 29% 03%','Needs work','S036','MATH102','56%'),('92% 93% 88% 32%','Good','S036','PHYS102','76%'),('90% 90% 23% 10%','Needs work','S037','BIO102','53%'),('93% 95% 70% 93%','Good','S037','CHEM102','87%'),('95% 98% 57% 37%','Good','S037','COMP102','71%'),('91% 96% 91% 51%','Good','S037','ENG102','82%'),('98% 96% 58% 06%','Needs work','S037','MATH102','64%'),('95% 96% 41% 18%','Needs work','S037','PHYS102','62%'),('96% 99% 52% 83%','Good','S038','BIO102','82%'),('95% 93% 17% 76%','Good','S038','CHEM102','70%'),('92% 99% 15% 81%','Good','S038','COMP102','71%'),('95% 95% 01% 38%','Needs work','S038','ENG102','57%'),('98% 92% 63% 38%','Good','S038','MATH102','72%'),('90% 90% 93% 61%','Good','S038','PHYS102','83%'),('92% 95% 92% 92%','Excellent','S039','BIO102','92%'),('98% 94% 85% 83%','Excellent','S039','CHEM102','90%'),('95% 93% 20% 87%','Good','S039','COMP102','73%'),('97% 99% 78% 94%','Excellent','S039','ENG102','92%'),('93% 98% 45% 56%','Good','S039','MATH102','73%'),('94% 96% 97% 82%','Excellent','S039','PHYS102','92%'),('91% 93% 15% 81%','Good','S040','BIO102','70%'),('95% 94% 53% 31%','Needs work','S040','CHEM102','68%'),('99% 97% 09% 13%','Needs work','S040','COMP102','54%'),('93% 95% 56% 16%','Needs work','S040','ENG102','65%'),('91% 91% 53% 10%','Needs work','S040','MATH102','61%'),('99% 92% 33% 03%','Needs work','S040','PHYS102','56%'),('91% 98% 47% 96%','Good','S041','BIO102','83%'),('93% 99% 68% 53%','Good','S041','CHEM102','78%'),('96% 95% 81% 43%','Good','S041','COMP102','78%'),('97% 92% 22% 29%','Needs work','S041','ENG102','60%'),('97% 91% 12% 30%','Needs work','S041','MATH102','57%'),('91% 97% 43% 87%','Good','S041','PHYS102','79%'),('90% 95% 46% 80%','Good','S042','BIO102','77%'),('96% 96% 48% 42%','Good','S042','CHEM102','70%'),('96% 99% 93% 73%','Excellent','S042','COMP102','90%'),('98% 90% 74% 54%','Good','S042','ENG102','79%'),('94% 97% 17% 72%','Good','S042','MATH102','70%'),('90% 91% 78% 28%','Good','S042','PHYS102','71%'),('90% 95% 68% 62%','Good','S043','BIO102','78%'),('90% 93% 83% 95%','Excellent','S043','CHEM102','90%'),('92% 94% 66% 80%','Good','S043','COMP102','83%'),('90% 97% 81% 69%','Good','S043','ENG102','84%'),('99% 99% 73% 82%','Good','S043','MATH102','88%'),('98% 99% 30% 52%','Needs work','S043','PHYS102','69%'),('96% 98% 36% 14%','Needs work','S044','BIO102','61%'),('96% 97% 67% 21%','Good','S044','CHEM102','70%'),('90% 96% 96% 90%','Excellent','S044','COMP102','93%'),('96% 94% 26% 02%','Needs work','S044','ENG102','54%'),('93% 95% 84% 50%','Good','S044','MATH102','80%'),('90% 94% 48% 91%','Good','S044','PHYS102','80%'),('91% 97% 67% 95%','Good','S045','BIO102','87%'),('97% 98% 01% 56%','Needs work','S045','CHEM102','63%'),('97% 99% 43% 42%','Good','S045','COMP102','70%'),('97% 96% 06% 24%','Needs work','S045','ENG102','55%'),('90% 95% 44% 65%','Good','S045','MATH102','73%'),('99% 96% 55% 74%','Good','S045','PHYS102','81%'),('90% 90% 27% 10%','Needs work','S046','BIO102','54%'),('96% 91% 49% 12%','Needs work','S046','CHEM102','62%'),('91% 94% 85% 83%','Good','S046','COMP102','88%'),('95% 94% 50% 14%','Needs work','S046','ENG102','63%'),('92% 96% 82% 98%','Excellent','S046','MATH102','92%'),('94% 91% 58% 38%','Good','S046','PHYS102','70%'),('91% 97% 29% 13%','Needs work','S047','BIO102','57%'),('98% 96% 02% 03%','Fail','S047','CHEM102','49%'),('91% 94% 86% 97%','Excellent','S047','COMP102','92%'),('92% 94% 63% 66%','Good','S047','ENG102','78%'),('93% 99% 80% 99%','Excellent','S047','MATH102','92%'),('95% 96% 89% 35%','Good','S047','PHYS102','78%'),('90% 94% 83% 86%','Good','S048','BIO102','88%'),('98% 95% 18% 34%','Needs work','S048','CHEM102','61%'),('91% 97% 39% 63%','Good','S048','COMP102','72%'),('99% 90% 22% 10%','Needs work','S048','ENG102','55%'),('93% 95% 90% 79%','Good','S048','MATH102','89%'),('92% 98% 56% 20%','Needs work','S048','PHYS102','66%'),('93% 91% 63% 73%','Good','S049','BIO102','80%'),('97% 96% 00% 04%','Fail','S049','CHEM102','49%'),('92% 99% 06% 47%','Needs work','S049','COMP102','61%'),('91% 95% 09% 89%','Good','S049','ENG102','71%'),('91% 90% 63% 13%','Needs work','S049','MATH102','64%'),('97% 95% 43% 47%','Good','S049','PHYS102','70%'),('90% 97% 77% 50%','Good','S050','BIO102','78%'),('91% 94% 78% 45%','Good','S050','CHEM102','77%'),('99% 94% 25% 10%','Needs work','S050','COMP102','57%'),('92% 91% 10% 03%','Fail','S050','ENG102','49%'),('98% 91% 13% 27%','Needs work','S050','MATH102','57%'),('99% 99% 05% 31%','Needs work','S050','PHYS102','58%'),('94% 91% 38% 51%','Needs work','S051','BIO102','68%'),('94% 95% 65% 48%','Good','S051','CHEM102','75%'),('94% 99% 36% 91%','Good','S051','COMP102','80%'),('94% 95% 29% 89%','Good','S051','ENG102','76%'),('95% 90% 67% 16%','Needs work','S051','MATH102','67%'),('98% 95% 45% 54%','Good','S051','PHYS102','73%'),('93% 90% 06% 30%','Needs work','S052','BIO102','54%'),('93% 96% 38% 90%','Good','S052','CHEM102','79%'),('93% 90% 10% 42%','Needs work','S052','COMP102','58%'),('98% 97% 50% 15%','Needs work','S052','ENG102','65%'),('92% 99% 71% 81%','Good','S052','MATH102','85%'),('99% 92% 27% 72%','Good','S052','PHYS102','72%'),('98% 98% 77% 34%','Good','S053','BIO103','76%'),('93% 99% 49% 66%','Good','S053','CHEM103','76%'),('98% 91% 24% 77%','Good','S053','COMP103','72%'),('91% 92% 06% 49%','Needs work','S053','ENG103','59%'),('92% 97% 87% 17%','Good','S053','MATH103','73%'),('92% 98% 57% 20%','Needs work','S053','PHYS103','66%'),('92% 98% 34% 17%','Needs work','S054','BIO103','60%'),('98% 96% 72% 65%','Good','S054','CHEM103','82%'),('91% 95% 49% 77%','Good','S054','COMP103','78%'),('93% 96% 01% 18%','Needs work','S054','ENG103','52%'),('98% 96% 93% 53%','Good','S054','MATH103','85%'),('99% 99% 82% 38%','Good','S054','PHYS103','79%'),('94% 91% 35% 33%','Needs work','S055','BIO103','63%'),('95% 99% 96% 95%','Excellent','S055','CHEM103','96%'),('98% 95% 14% 06%','Needs work','S055','COMP103','53%'),('98% 91% 03% 80%','Needs work','S055','ENG103','68%'),('98% 90% 45% 18%','Needs work','S055','MATH103','62%'),('95% 93% 82% 16%','Good','S055','PHYS103','71%'),('93% 93% 86% 09%','Good','S056','BIO103','70%'),('98% 91% 02% 70%','Needs work','S056','CHEM103','65%'),('94% 91% 33% 27%','Needs work','S056','COMP103','61%'),('93% 99% 58% 12%','Needs work','S056','ENG103','65%'),('98% 90% 68% 17%','Needs work','S056','MATH103','68%'),('98% 96% 79% 98%','Excellent','S056','PHYS103','92%'),('94% 95% 10% 10%','Needs work','S057','BIO103','52%'),('96% 93% 81% 95%','Excellent','S057','CHEM103','91%'),('92% 96% 18% 07%','Needs work','S057','COMP103','53%'),('98% 98% 94% 04%','Good','S057','ENG103','73%'),('94% 98% 23% 50%','Needs work','S057','MATH103','66%'),('97% 94% 06% 85%','Good','S057','PHYS103','70%'),('90% 95% 89% 65%','Good','S058','BIO103','84%'),('96% 90% 55% 55%','Good','S058','CHEM103','74%'),('90% 97% 37% 72%','Good','S058','COMP103','74%'),('94% 91% 47% 84%','Good','S058','ENG103','79%'),('97% 93% 47% 27%','Needs work','S058','MATH103','66%'),('99% 99% 05% 30%','Needs work','S058','PHYS103','58%'),('93% 99% 43% 42%','Needs work','S059','BIO103','69%'),('98% 98% 69% 96%','Excellent','S059','CHEM103','90%'),('96% 96% 04% 33%','Needs work','S059','COMP103','57%'),('95% 97% 98% 70%','Excellent','S059','ENG103','90%'),('95% 97% 05% 00%','Fail','S059','MATH103','49%'),('98% 92% 67% 61%','Good','S059','PHYS103','79%'),('90% 92% 42% 23%','Needs work','S060','BIO103','61%'),('98% 97% 92% 45%','Good','S060','CHEM103','83%'),('94% 91% 21% 64%','Needs work','S060','COMP103','67%'),('95% 99% 92% 80%','Excellent','S060','ENG103','91%'),('92% 98% 41% 58%','Good','S060','MATH103','72%'),('96% 95% 84% 48%','Good','S060','PHYS103','80%'),('99% 91% 95% 29%','Good','S061','BIO103','78%'),('96% 93% 95% 58%','Good','S061','CHEM103','85%'),('90% 95% 52% 99%','Good','S061','COMP103','84%'),('93% 98% 37% 18%','Needs work','S061','ENG103','61%'),('97% 93% 38% 87%','Good','S061','MATH103','78%'),('92% 94% 75% 28%','Good','S061','PHYS103','72%'),('91% 90% 90% 18%','Good','S062','BIO103','72%'),('92% 95% 30% 71%','Good','S062','CHEM103','72%'),('96% 90% 28% 30%','Needs work','S062','COMP103','61%'),('96% 94% 44% 71%','Good','S062','ENG103','76%'),('92% 90% 50% 38%','Needs work','S062','MATH103','67%'),('93% 98% 08% 85%','Good','S062','PHYS103','71%'),('99% 93% 75% 75%','Good','S063','BIO103','85%'),('95% 92% 85% 40%','Good','S063','CHEM103','78%'),('94% 91% 51% 96%','Good','S063','COMP103','83%'),('92% 95% 89% 77%','Good','S063','ENG103','88%'),('92% 96% 88% 29%','Good','S063','MATH103','76%'),('98% 93% 11% 59%','Needs work','S063','PHYS103','65%'),('95% 91% 08% 93%','Good','S064','BIO103','71%'),('93% 91% 54% 30%','Needs work','S064','CHEM103','67%'),('98% 94% 56% 51%','Good','S064','COMP103','74%'),('98% 98% 67% 77%','Good','S064','ENG103','85%'),('98% 98% 63% 69%','Good','S064','MATH103','82%'),('95% 96% 55% 85%','Good','S064','PHYS103','82%'),('96% 94% 48% 02%','Needs work','S065','BIO103','60%'),('96% 92% 44% 35%','Needs work','S065','CHEM103','66%'),('94% 90% 06% 10%','Needs work','S065','COMP103','50%'),('93% 92% 48% 54%','Good','S065','ENG103','71%'),('92% 96% 39% 06%','Needs work','S065','MATH103','58%'),('91% 95% 33% 00%','Needs work','S065','PHYS103','54%'),('90% 90% 36% 54%','Needs work','S066','BIO103','67%'),('96% 94% 61% 55%','Good','S066','CHEM103','76%'),('99% 99% 13% 72%','Good','S066','COMP103','70%'),('91% 97% 11% 41%','Needs work','S066','ENG103','60%'),('96% 92% 96% 17%','Good','S066','MATH103','75%'),('99% 94% 27% 10%','Needs work','S066','PHYS103','57%'),('91% 98% 90% 85%','Excellent','S067','BIO103','91%'),('95% 90% 92% 29%','Good','S067','CHEM103','76%'),('96% 95% 89% 67%','Good','S067','COMP103','86%'),('96% 93% 61% 09%','Needs work','S067','ENG103','64%'),('96% 98% 32% 07%','Needs work','S067','MATH103','58%'),('94% 99% 47% 46%','Good','S067','PHYS103','71%'),('99% 91% 19% 41%','Needs work','S068','BIO103','62%'),('94% 91% 52% 00%','Needs work','S068','CHEM103','59%'),('94% 92% 83% 41%','Good','S068','COMP103','77%'),('95% 97% 96% 54%','Good','S068','ENG103','85%'),('98% 94% 76% 48%','Good','S068','MATH103','79%'),('91% 91% 43% 69%','Good','S068','PHYS103','73%'),('91% 96% 72% 73%','Good','S069','BIO103','83%'),('94% 91% 21% 73%','Needs work','S069','CHEM103','69%'),('99% 96% 56% 73%','Good','S069','COMP103','81%'),('99% 95% 10% 75%','Needs work','S069','ENG103','69%'),('94% 98% 11% 92%','Good','S069','MATH103','73%'),('92% 95% 15% 10%','Needs work','S069','PHYS103','53%'),('95% 96% 64% 27%','Good','S070','BIO103','70%'),('94% 93% 24% 33%','Needs work','S070','CHEM103','61%'),('98% 95% 86% 77%','Good','S070','COMP103','89%'),('92% 98% 74% 01%','Needs work','S070','ENG103','66%'),('98% 92% 61% 33%','Good','S070','MATH103','71%'),('98% 91% 15% 40%','Needs work','S070','PHYS103','61%'),('95% 94% 85% 77%','Good','S071','BIO103','87%'),('92% 91% 78% 53%','Good','S071','CHEM103','78%'),('92% 98% 34% 17%','Needs work','S071','COMP103','60%'),('98% 97% 35% 39%','Needs work','S071','ENG103','67%'),('99% 93% 96% 80%','Excellent','S071','MATH103','92%'),('91% 92% 82% 36%','Good','S071','PHYS103','75%'),('93% 96% 18% 10%','Needs work','S072','BIO103','54%'),('94% 91% 34% 35%','Needs work','S072','CHEM103','63%'),('97% 95% 38% 41%','Needs work','S072','COMP103','67%'),('99% 93% 82% 14%','Good','S072','ENG103','72%'),('92% 90% 21% 10%','Needs work','S072','MATH103','53%'),('93% 97% 68% 15%','Needs work','S072','PHYS103','68%'),('97% 92% 06% 52%','Needs work','S073','BIO103','61%'),('94% 96% 85% 31%','Good','S073','CHEM103','76%'),('90% 92% 26% 48%','Needs work','S073','COMP103','64%'),('96% 95% 12% 87%','Good','S073','ENG103','72%'),('99% 91% 07% 82%','Needs work','S073','MATH103','69%'),('98% 97% 19% 75%','Good','S073','PHYS103','72%'),('91% 95% 37% 15%','Needs work','S074','BIO103','59%'),('96% 97% 98% 51%','Good','S074','CHEM103','85%'),('96% 96% 22% 26%','Needs work','S074','COMP103','60%'),('96% 93% 92% 48%','Good','S074','ENG103','82%'),('96% 99% 70% 64%','Good','S074','MATH103','82%'),('91% 95% 66% 51%','Good','S074','PHYS103','75%'),('95% 94% 30% 28%','Needs work','S075','BIO103','61%'),('94% 96% 66% 40%','Good','S075','CHEM103','74%'),('90% 99% 86% 28%','Good','S075','COMP103','75%'),('98% 93% 25% 22%','Needs work','S075','ENG103','59%'),('93% 90% 19% 83%','Good','S075','MATH103','71%'),('95% 93% 23% 97%','Good','S075','PHYS103','77%'),('91% 97% 54% 31%','Needs work','S076','BIO103','68%'),('99% 98% 52% 95%','Good','S076','CHEM103','86%'),('91% 99% 21% 27%','Needs work','S076','COMP103','59%'),('97% 97% 43% 04%','Needs work','S076','ENG103','60%'),('99% 95% 91% 89%','Excellent','S076','MATH103','93%'),('97% 99% 37% 16%','Needs work','S076','PHYS103','62%'),('97% 90% 99% 88%','Excellent','S077','BIO104','93%'),('94% 95% 49% 76%','Good','S077','CHEM104','78%'),('93% 94% 05% 04%','Fail','S077','COMP104','49%'),('90% 91% 65% 75%','Good','S077','ENG104','80%'),('97% 96% 80% 13%','Good','S077','MATH104','71%'),('92% 98% 65% 58%','Good','S077','PHYS104','78%'),('99% 91% 71% 15%','Needs work','S078','BIO104','69%'),('96% 97% 76% 60%','Good','S078','CHEM104','82%'),('97% 97% 52% 41%','Good','S078','COMP104','71%'),('95% 92% 95% 86%','Excellent','S078','ENG104','92%'),('94% 96% 09% 38%','Needs work','S078','MATH104','59%'),('96% 99% 92% 74%','Excellent','S078','PHYS104','90%'),('99% 94% 30% 27%','Needs work','S079','BIO104','62%'),('94% 93% 45% 18%','Needs work','S079','CHEM104','62%'),('95% 94% 33% 40%','Needs work','S079','COMP104','65%'),('90% 98% 15% 26%','Needs work','S079','ENG104','57%'),('98% 94% 55% 53%','Good','S079','MATH104','75%'),('99% 92% 35% 00%','Needs work','S079','PHYS104','56%'),('99% 98% 17% 44%','Needs work','S080','BIO104','64%'),('96% 90% 40% 73%','Good','S080','CHEM104','74%'),('94% 99% 49% 59%','Good','S080','COMP104','75%'),('94% 96% 96% 70%','Good','S080','ENG104','89%'),('96% 90% 56% 51%','Good','S080','MATH104','73%'),('98% 99% 95% 94%','Excellent','S080','PHYS104','96%'),('98% 94% 82% 67%','Good','S081','BIO104','85%'),('98% 94% 36% 61%','Good','S081','CHEM104','72%'),('99% 99% 04% 24%','Needs work','S081','COMP104','56%'),('90% 96% 24% 13%','Needs work','S081','ENG104','55%'),('99% 91% 17% 32%','Needs work','S081','MATH104','59%'),('90% 94% 82% 86%','Good','S081','PHYS104','88%'),('98% 95% 40% 26%','Needs work','S082','BIO104','64%'),('91% 97% 51% 24%','Needs work','S082','CHEM104','65%'),('96% 96% 44% 08%','Needs work','S082','COMP104','61%'),('91% 93% 45% 14%','Needs work','S082','ENG104','60%'),('93% 93% 77% 72%','Good','S082','MATH104','83%'),('92% 93% 71% 59%','Good','S082','PHYS104','78%'),('98% 93% 24% 20%','Needs work','S083','BIO104','58%'),('92% 98% 26% 84%','Good','S083','CHEM104','75%'),('94% 95% 31% 02%','Needs work','S083','COMP104','55%'),('92% 90% 37% 82%','Good','S083','ENG104','75%'),('90% 95% 79% 25%','Good','S083','MATH104','72%'),('98% 97% 87% 22%','Good','S083','PHYS104','76%'),('95% 98% 75% 18%','Good','S084','BIO104','71%'),('96% 97% 77% 61%','Good','S084','CHEM104','82%'),('97% 98% 94% 22%','Good','S084','COMP104','77%'),('92% 97% 72% 49%','Good','S084','ENG104','77%'),('92% 98% 52% 00%','Needs work','S084','MATH104','60%'),('94% 93% 21% 07%','Needs work','S084','PHYS104','53%'),('97% 95% 43% 56%','Good','S085','BIO104','72%'),('94% 98% 56% 35%','Good','S085','CHEM104','70%'),('90% 93% 64% 05%','Needs work','S085','COMP104','63%'),('93% 95% 67% 73%','Good','S085','ENG104','82%'),('96% 90% 29% 31%','Needs work','S085','MATH104','61%'),('96% 94% 27% 96%','Good','S085','PHYS104','78%'),('99% 90% 27% 21%','Needs work','S086','BIO104','59%'),('92% 96% 58% 88%','Good','S086','CHEM104','83%'),('96% 96% 24% 27%','Needs work','S086','COMP104','60%'),('96% 94% 14% 45%','Needs work','S086','ENG104','62%'),('98% 97% 28% 15%','Needs work','S086','MATH104','59%'),('99% 91% 00% 58%','Needs work','S086','PHYS104','62%'),('98% 95% 27% 66%','Good','S087','BIO104','71%'),('94% 93% 44% 11%','Needs work','S087','CHEM104','60%'),('92% 98% 52% 05%','Needs work','S087','COMP104','61%'),('96% 93% 64% 13%','Needs work','S087','ENG104','66%'),('97% 94% 82% 80%','Good','S087','MATH104','88%'),('95% 93% 30% 33%','Needs work','S087','PHYS104','62%'),('97% 97% 66% 92%','Good','S088','BIO104','88%'),('96% 93% 70% 56%','Good','S088','CHEM104','78%'),('97% 99% 43% 40%','Needs work','S088','COMP104','69%'),('97% 94% 98% 57%','Good','S088','ENG104','86%'),('99% 98% 62% 49%','Good','S088','MATH104','77%'),('96% 95% 81% 47%','Good','S088','PHYS104','79%'),('99% 92% 43% 41%','Needs work','S089','BIO104','68%'),('97% 96% 88% 48%','Good','S089','CHEM104','82%'),('97% 93% 41% 03%','Needs work','S089','COMP104','58%'),('99% 96% 36% 87%','Good','S089','ENG104','79%'),('92% 97% 83% 97%','Excellent','S089','MATH104','92%'),('93% 98% 13% 16%','Needs work','S089','PHYS104','55%'),('94% 96% 89% 53%','Good','S090','BIO104','83%'),('99% 94% 02% 89%','Good','S090','CHEM104','71%'),('93% 92% 26% 46%','Needs work','S090','COMP104','64%'),('95% 91% 21% 63%','Needs work','S090','ENG104','67%'),('94% 95% 43% 41%','Needs work','S090','MATH104','68%'),('97% 95% 58% 19%','Needs work','S090','PHYS104','67%'),('92% 95% 16% 11%','Needs work','S091','BIO104','53%'),('90% 99% 57% 10%','Needs work','S091','CHEM104','64%'),('92% 93% 79% 99%','Excellent','S091','COMP104','90%'),('95% 99% 90% 69%','Good','S091','ENG104','88%'),('97% 97% 31% 41%','Needs work','S091','MATH104','66%'),('91% 94% 87% 95%','Excellent','S091','PHYS104','91%'),('91% 99% 19% 18%','Needs work','S092','BIO104','56%'),('93% 90% 10% 50%','Needs work','S092','CHEM104','60%'),('91% 93% 31% 46%','Needs work','S092','COMP104','65%'),('93% 94% 29% 01%','Needs work','S092','ENG104','54%'),('92% 99% 27% 42%','Needs work','S092','MATH104','65%'),('92% 91% 81% 67%','Good','S092','PHYS104','82%'),('99% 95% 82% 57%','Good','S093','BIO104','83%'),('93% 92% 24% 37%','Needs work','S093','CHEM104','61%'),('90% 93% 57% 74%','Good','S093','COMP104','78%'),('99% 97% 83% 86%','Excellent','S093','ENG104','91%'),('98% 94% 84% 84%','Excellent','S093','MATH104','90%'),('96% 98% 37% 21%','Needs work','S093','PHYS104','63%'),('99% 90% 49% 25%','Needs work','S094','BIO104','65%'),('98% 92% 89% 65%','Good','S094','CHEM104','86%'),('95% 99% 87% 58%','Good','S094','COMP104','84%'),('93% 97% 05% 89%','Good','S094','ENG104','71%'),('92% 95% 22% 34%','Needs work','S094','MATH104','60%'),('90% 92% 90% 85%','Good','S094','PHYS104','89%'),('95% 92% 68% 55%','Good','S095','BIO104','77%'),('97% 90% 10% 30%','Needs work','S095','CHEM104','56%'),('91% 90% 70% 31%','Good','S095','COMP104','70%'),('94% 94% 10% 51%','Needs work','S095','ENG104','62%'),('95% 91% 36% 22%','Needs work','S095','MATH104','61%'),('90% 94% 21% 70%','Needs work','S095','PHYS104','68%'),('98% 90% 88% 17%','Good','S096','BIO104','73%'),('92% 96% 35% 96%','Good','S096','CHEM104','79%'),('97% 97% 68% 05%','Needs work','S096','COMP104','66%'),('92% 90% 61% 83%','Good','S096','ENG104','81%'),('93% 91% 56% 49%','Good','S096','MATH104','72%'),('97% 93% 38% 91%','Good','S096','PHYS104','79%'),('93% 91% 83% 54%','Good','S097','BIO104','80%'),('92% 94% 52% 32%','Needs work','S097','CHEM104','67%'),('90% 92% 09% 72%','Needs work','S097','COMP104','65%'),('93% 94% 45% 80%','Good','S097','ENG104','78%'),('96% 96% 56% 77%','Good','S097','MATH104','81%'),('91% 95% 05% 73%','Needs work','S097','PHYS104','66%'),('94% 92% 98% 00%','Good','S098','BIO104','71%'),('90% 94% 04% 81%','Needs work','S098','CHEM104','67%'),('99% 91% 92% 18%','Good','S098','COMP104','75%'),('91% 93% 38% 73%','Good','S098','ENG104','73%'),('94% 92% 89% 62%','Good','S098','MATH104','84%'),('94% 93% 59% 79%','Good','S098','PHYS104','81%'),('91% 94% 77% 48%','Good','S099','BIO104','77%'),('91% 91% 39% 51%','Needs work','S099','CHEM104','68%'),('93% 93% 66% 22%','Needs work','S099','COMP104','68%'),('91% 99% 59% 96%','Good','S099','ENG104','86%'),('90% 91% 84% 65%','Good','S099','MATH104','82%'),('97% 98% 10% 41%','Needs work','S099','PHYS104','61%'),('90% 90% 20% 76%','Needs work','S100','BIO104','69%'),('92% 97% 29% 10%','Needs work','S100','CHEM104','57%'),('96% 99% 78% 04%','Needs work','S100','COMP104','69%'),('99% 94% 28% 22%','Needs work','S100','ENG104','60%'),('92% 96% 33% 79%','Good','S100','MATH104','75%'),('99% 92% 66% 42%','Good','S100','PHYS104','74%');
/*!40000 ALTER TABLE `predictgrade` ENABLE KEYS */;
UNLOCK TABLES;

--
-- Table structure for table `student`
--

DROP TABLE IF EXISTS `student`;
/*!40101 SET @saved_cs_client     = @@character_set_client */;
/*!40101 SET character_set_client = utf8 */;
CREATE TABLE `student` (
  `StudentID` varchar(10) NOT NULL,
  `sName` varchar(10) DEFAULT NULL,
  `sGender` varchar(10) DEFAULT NULL,
  `sLevel` varchar(10) DEFAULT NULL,
  `sDOB` date DEFAULT NULL,
  `sAddress` varchar(20) DEFAULT NULL,
  `sCONTACT` varchar(20) DEFAULT NULL,
  `attendance` varchar(10) DEFAULT NULL,
  PRIMARY KEY (`StudentID`)
) ENGINE=InnoDB DEFAULT CHARSET=utf8mb4 COLLATE=utf8mb4_general_ci;
/*!40101 SET character_set_client = @saved_cs_client */;

--
-- Dumping data for table `student`
--

LOCK TABLES `student` WRITE;
/*!40000 ALTER TABLE `student` DISABLE KEYS */;
INSERT INTO `student` VALUES ('S001','Ahmed Ali','Male','Freshman','2004-05-20','123 Elm Street, Spri','1234567890','95%'),('S002','Aisha Khan','Female','Freshman','2005-02-15','456 Oak Avenue, Lake','2345678901','92%'),('S003','Yousef Ahm','Male','Freshman','2006-07-10','789 Cedar Lane, Hill','3456789012','89%'),('S004','Layla Hass','Female','Freshman','2003-10-25','987 Maple Street, Ri','4567890123','87%'),('S005','Omar Ali','Male','Freshman','2004-08-30','210 Birchwood Drive,','5678901234','93%'),('S006','Sara Khali','Female','Freshman','2002-04-12','543 Elm Road, Valley','6789012345','91%'),('S007','Noura Ahme','Female','Freshman','2001-12-15','109 Pinecrest Avenue','7890123456','96%'),('S008','Ahmad Hass','Male','Freshman','2005-11-20','432 Oakwood Lane, Sp','8901234567','88%'),('S009','Fatima Ali','Female','Freshman','2003-03-25','654 Cedar Street, Hi','9012345678','94%'),('S010','Khalid Oma','Male','Freshman','2002-09-10','876 Elmwood Drive, O','0123456789','90%'),('S011','Mariam Has','Female','Freshman','2001-08-20','321 Maple Avenue, Wo','1234567890','95%'),('S012','Ali Ahmed','Male','Freshman','2005-07-15','987 Cedar Lane, Spri','2345678901','92%'),('S013','Lina Omar','Female','Freshman','2004-02-28','210 Oakwood Road, Ri','3456789012','89%'),('S014','Yousef Kha','Male','Freshman','2003-06-05','543 Elm Road, Valley','4567890123','87%'),('S015','Fatima Oma','Female','Freshman','2002-01-25','876 Pinecrest Drive,','5678901234','93%'),('S016','Ahmad Ali','Male','Freshman','2001-09-30','109 Maple Avenue, Hi','6789012345','91%'),('S017','Noura Hass','Female','Freshman','2005-10-22','432 Oakwood Drive, S','7890123456','96%'),('S018','Sara Omar','Female','Freshman','2004-04-15','765 Elmwood Lane, Ri','8901234567','88%'),('S019','Khalid Ahm','Male','Freshman','2003-12-05','210 Pinecrest Avenue','9012345678','94%'),('S020','Layla Khal','Female','Freshman','2002-06-30','654 Cedar Lane, Spri','0123456789','90%'),('S021','Ahmad Hass','Male','Freshman','2001-10-22','987 Maple Road, Oakr','1234567890','95%'),('S022','Fatima Ali','Female','Freshman','2005-04-15','321 Elmwood Drive, H','2345678901','92%'),('S023','Khalid Oma','Male','Freshman','2004-02-20','876 Pine Lane, Sunny','3456789012','89%'),('S024','Mariam Has','Female','Freshman','2003-06-25','109 Cedar Avenue, Wo','4567890123','87%'),('S025','Ali Ahmed','Male','Freshman','2002-01-15','432 Maple Road, Spri','5678901234','93%'),('S026','Lina Omar','Female','Freshman','2001-08-30','765 Cedar Lane, Rive','6789012345','91%'),('S027','Fatima Ahm','Female','Sophomore','2003-07-15','210 Pine Lane, Sprin','1234567890','94%'),('S028','Ali Khalid','Male','Sophomore','2002-02-28','654 Elm Road, Hillto','2345678901','91%'),('S029','Layla Omar','Female','Sophomore','2001-06-05','876 Pinecrest Avenue','3456789012','88%'),('S030','Omar Hassa','Male','Sophomore','2004-01-25','321 Maple Lane, Fore','4567890123','92%'),('S031','Sara Ali','Female','Sophomore','2003-09-30','543 Cedar Street, Va','5678901234','90%'),('S032','Ahmad Omar','Male','Sophomore','2002-04-15','109 Elmwood Drive, S','6789012345','96%'),('S033','Noura Khal','Female','Sophomore','2001-11-20','432 Oak Road, Spring','7890123456','87%'),('S034','Yousef Ali','Male','Sophomore','2005-04-22','765 Maple Avenue, Ri','8901234567','95%'),('S035','Mariam Has','Female','Sophomore','2004-02-15','210 Pinecrest Drive,','9012345678','89%'),('S036','Fatima Ahm','Female','Sophomore','2003-08-20','654 Elmwood Lane, Oa','0123456789','93%'),('S037','Khalid Oma','Male','Sophomore','2002-10-05','876 Cedar Avenue, Wo','1234567890','91%'),('S038','Layla Hass','Female','Sophomore','2001-12-30','321 Oakwood Road, Sp','2345678901','97%'),('S039','Ahmed Ali','Male','Sophomore','2005-05-15','987 Pine Lane, Valle','3456789012','88%'),('S040','Sara Khali','Female','Sophomore','2004-03-28','210 Birchwood Drive,','4567890123','92%'),('S041','Noura Omar','Female','Sophomore','2003-07-05','543 Cedar Street, Su','5678901234','90%'),('S042','Yousef Has','Male','Sophomore','2002-02-20','109 Elm Road, Riverd','6789012345','96%'),('S043','Mariam Ali','Female','Sophomore','2001-09-22','432 Maple Lane, Spri','7890123456','87%'),('S044','Fatima Kha','Female','Sophomore','2005-11-15','765 Elmwood Drive, L','8901234567','95%'),('S045','Ali Omar','Male','Sophomore','2004-10-22','210 Pinecrest Avenue','9012345678','89%'),('S046','Layla Ahme','Female','Sophomore','2003-02-15','654 Cedar Street, Hi','0123456789','93%'),('S047','Omar Hassa','Male','Sophomore','2002-08-30','876 Oakwood Lane, Sp','1234567890','91%'),('S048','Sara Ali','Female','Sophomore','2001-04-05','321 Maple Road, Wood','2345678901','97%'),('S049','Ahmad Khal','Male','Sophomore','2005-01-20','987 Pine Lane, Sunny','3456789012','88%'),('S050','Noura Omar','Female','Sophomore','2004-03-28','210 Birchwood Drive,','4567890123','92%'),('S051','Yousef Has','Male','Sophomore','2003-07-05','543 Cedar Street, Su','5678901234','90%'),('S052','Mariam Ali','Female','Sophomore','2002-02-20','109 Elm Road, Riverd','6789012345','96%'),('S053','Adam Hamza','Male','Junior','2005-05-10','123 Oak Street, Sunn','7890123456','85%'),('S054','Hannah Smi','Female','Junior','2005-08-15','456 Maple Avenue, Ri','8901234567','91%'),('S055','David Brow','Male','Junior','2005-12-20','789 Elmwood Drive, L','9012345678','89%'),('S056','Emma Johns','Female','Junior','2006-02-25','234 Cedar Lane, Hill','0123456789','93%'),('S057','James Wils','Male','Junior','2006-06-30','678 Pine Street, Oak','1234567890','87%'),('S058','Sophia Dav','Female','Junior','2006-09-05','345 Birchwood Road, ','2345678901','92%'),('S059','Daniel Tay','Male','Junior','2006-11-10','890 Maple Drive, Rid','3456789012','88%'),('S060','Olivia Mar','Female','Junior','2007-03-15','567 Elm Street, Gree','4567890123','94%'),('S061','Michael An','Male','Junior','2007-07-20','901 Pine Avenue, Woo','5678901234','90%'),('S062','Ava Hernan','Female','Junior','2007-10-25','678 Oak Lane, Brookh','6789012345','95%'),('S063','Matthew Lo','Male','Junior','2008-01-30','234 Maple Road, Clea','7890123456','89%'),('S064','Isabella G','Female','Junior','2008-05-05','123 Cedar Drive, Spr','8901234567','96%'),('S065','Christophe','Male','Junior','2008-08-10','456 Pine Lane, Lakes','9012345678','90%'),('S066','Mia Moore','Female','Junior','2008-12-15','789 Oak Avenue, Oakh','0123456789','97%'),('S067','Andrew Lee','Male','Junior','2009-02-20','567 Birchwood Lane, ','1234567890','91%'),('S068','Charlotte ','Female','Junior','2009-06-25','890 Maple Street, Ri','2345678901','98%'),('S069','Joshua Hal','Male','Junior','2009-09-30','234 Elmwood Drive, S','3456789012','92%'),('S070','Amelia Sco','Female','Junior','2009-12-05','901 Cedar Road, Lake','4567890123','99%'),('S071','Joseph Gre','Male','Junior','2010-03-10','567 Pine Lane, Pinec','5678901234','93%'),('S072','Harper Ada','Female','Junior','2010-07-15','123 Oak Street, Orch','6789012345','100%'),('S073','Ethan Bake','Male','Junior','2010-10-20','456 Maple Avenue, Gr','7890123456','94%'),('S074','Ella Perez','Female','Junior','2011-01-25','789 Elmwood Drive, M','8901234567','100%'),('S075','Alexander ','Male','Junior','2011-05-01','234 Cedar Lane, Oakw','9012345678','95%'),('S076','Grace Rive','Female','Junior','2011-08-06','678 Pine Street, Sun','0123456789','96%'),('S077','Liam Smith','Male','Senior','2001-04-12','123 Elm Street, Spri','1234567890','90%'),('S078','Ava Johnso','Female','Senior','2001-07-25','456 Oak Avenue, Lake','2345678901','92%'),('S079','Noah Brown','Male','Senior','2001-11-30','789 Pine Lane, Hillc','3456789012','88%'),('S080','Emma Jones','Female','Senior','2002-03-05','234 Cedar Road, Rive','4567890123','94%'),('S081','William Wa','Male','Senior','2002-06-10','567 Maple Drive, Oak','5678901234','90%'),('S082','Sophia Gar','Female','Senior','2002-09-15','890 Elmwood Lane, Gl','6789012345','95%'),('S083','James Mart','Male','Senior','2002-12-20','123 Birchwood Avenue','7890123456','89%'),('S084','Olivia Her','Female','Senior','2003-03-25','456 Pine Street, Riv','8901234567','96%'),('S085','Daniel Joh','Male','Senior','2003-06-30','789 Oak Lane, Hillto','9012345678','93%'),('S086','Emily Davi','Female','Senior','2003-10-05','234 Cedar Avenue, La','0123456789','97%'),('S087','Alexander ','Male','Senior','2003-12-10','567 Pine Road, Sunse','1234567890','91%'),('S088','Sofia Tayl','Female','Senior','2004-03-15','890 Maple Street, Me','2345678901','98%'),('S089','Michael Br','Male','Senior','2004-06-20','123 Elmwood Drive, R','3456789012','92%'),('S090','Isabella M','Female','Senior','2004-09-25','456 Oak Avenue, Broo','4567890123','99%'),('S091','James Ande','Male','Senior','2004-12-30','789 Pine Lane, Mount','5678901234','93%'),('S092','Sophia Mar','Female','Senior','2005-04-05','234 Cedar Road, Vall','6789012345','100%'),('S093','David Rodr','Male','Senior','2005-07-10','567 Maple Avenue, La','7890123456','94%'),('S094','Emma Garci','Female','Senior','2005-10-15','890 Elm Street, Fore','8901234567','100%'),('S095','Michael He','Male','Senior','2006-01-20','123 Birchwood Lane, ','9012345678','95%'),('S096','Olivia Rod','Female','Senior','2006-04-25','456 Pine Drive, Ridg','0123456789','96%'),('S097','Daniel Her','Male','Senior','2006-07-30','789 Oak Street, Ridg','1234567890','97%'),('S098','Emily Gonz','Female','Senior','2006-11-04','234 Cedar Lane, Hill','2345678901','98%'),('S099','Alexander ','Male','Senior','2007-02-09','567 Maple Road, Lake','3456789012','99%'),('S100','Isabella W','Female','Senior','2007-05-15','890 Elm Avenue, Beac','4567890123','100%');
/*!40000 ALTER TABLE `student` ENABLE KEYS */;
UNLOCK TABLES;

--
-- Table structure for table `subject`
--

DROP TABLE IF EXISTS `subject`;
/*!40101 SET @saved_cs_client     = @@character_set_client */;
/*!40101 SET character_set_client = utf8 */;
CREATE TABLE `subject` (
  `SubjectID` varchar(10) NOT NULL,
  `SubjectName` varchar(10) DEFAULT NULL,
  `SubjectLevel` varchar(20) DEFAULT NULL,
  PRIMARY KEY (`SubjectID`)
) ENGINE=InnoDB DEFAULT CHARSET=utf8mb4 COLLATE=utf8mb4_general_ci;
/*!40101 SET character_set_client = @saved_cs_client */;

--
-- Dumping data for table `subject`
--

LOCK TABLES `subject` WRITE;
/*!40000 ALTER TABLE `subject` DISABLE KEYS */;
INSERT INTO `subject` VALUES ('BIO101','Biology','Freshmen'),('BIO102','Biology','Sophomore'),('BIO103','Biology','Junior'),('BIO104','Biology','Senior'),('CHEM101','Chemistry','Freshmen'),('CHEM102','Chemistry','Sophomore'),('CHEM103','Chemistry','Junior'),('CHEM104','Chemistry','Senior'),('COMP101','Computer S','Freshmen'),('COMP102','Computer S','Sophomore'),('COMP103','Computer S','Junior'),('COMP104','Computer S','Senior'),('ENG101','English','Freshmen'),('ENG102','English','Sophomore'),('ENG103','English','Junior'),('ENG104','English','Senior'),('MATH101','Mathematic','Freshmen'),('MATH102','Mathematic','Sophomore'),('MATH103','Mathematic','Junior'),('MATH104','Mathematic','Senior'),('PHYS101','Physics','Freshmen'),('PHYS102','Physics','Sophomore'),('PHYS103','Physics','Junior'),('PHYS104','Physics','Senior');
/*!40000 ALTER TABLE `subject` ENABLE KEYS */;
UNLOCK TABLES;

--
-- Table structure for table `submission`
--

DROP TABLE IF EXISTS `submission`;
/*!40101 SET @saved_cs_client     = @@character_set_client */;
/*!40101 SET character_set_client = utf8 */;
CREATE TABLE `submission` (
  `SubmissionMethod` varchar(20) DEFAULT NULL,
  `SubmissionDate` date DEFAULT NULL,
  `S_ID` varchar(10) DEFAULT NULL,
  `Assign_ID` varchar(10) DEFAULT NULL,
  KEY `S_ID` (`S_ID`),
  KEY `Assign_ID` (`Assign_ID`),
  CONSTRAINT `submission_ibfk_1` FOREIGN KEY (`S_ID`) REFERENCES `student` (`StudentID`),
  CONSTRAINT `submission_ibfk_2` FOREIGN KEY (`S_ID`) REFERENCES `student` (`StudentID`),
  CONSTRAINT `submission_ibfk_3` FOREIGN KEY (`Assign_ID`) REFERENCES `assignment` (`AssignmentID`)
) ENGINE=InnoDB DEFAULT CHARSET=utf8mb4 COLLATE=utf8mb4_general_ci;
/*!40101 SET character_set_client = @saved_cs_client */;

--
-- Dumping data for table `submission`
--

LOCK TABLES `submission` WRITE;
/*!40000 ALTER TABLE `submission` DISABLE KEYS */;
INSERT INTO `submission` VALUES ('paper based','2024-05-05','S001','BIO101-1'),('paper based','2024-05-13','S001','BIO101-2'),('online','2024-05-18','S001','BIO101-3'),('online','2024-05-20','S001','CHEM101-1'),('paper based','2024-05-14','S001','CHEM101-2'),('online','2024-05-12','S001','CHEM101-3'),('online','2024-05-14','S001','COMP101-1'),('online','2024-05-05','S001','COMP101-2'),('paper based','2024-05-14','S001','COMP101-3'),('paper based','2024-05-23','S001','ENG101-1'),('paper based','2024-05-09','S001','ENG101-2'),('online','2024-05-07','S001','ENG101-3'),('online','2024-05-09','S001','MATH101-1'),('online','2024-05-22','S001','MATH101-2'),('paper based','2024-05-19','S001','MATH101-3'),('paper based','2024-05-31','S001','PHYS101-1'),('paper based','2024-05-02','S001','PHYS101-2'),('paper based','2024-05-12','S001','PHYS101-3'),('online','2024-05-22','S002','BIO101-1'),('online','2024-05-12','S002','BIO101-2'),('paper based','2024-05-24','S002','BIO101-3'),('online','2024-05-20','S002','CHEM101-1'),('online','2024-05-27','S002','CHEM101-2'),('paper based','2024-05-12','S002','CHEM101-3'),('paper based','2024-05-11','S002','COMP101-1'),('paper based','2024-05-17','S002','COMP101-2'),('paper based','2024-05-22','S002','COMP101-3'),('paper based','2024-05-26','S002','ENG101-1'),('paper based','2024-05-04','S002','ENG101-2'),('online','2024-05-03','S002','ENG101-3'),('online','2024-05-03','S002','MATH101-1'),('online','2024-05-07','S002','MATH101-2'),('online','2024-05-23','S002','MATH101-3'),('online','2024-05-01','S002','PHYS101-1'),('online','2024-05-29','S002','PHYS101-2'),('online','2024-05-16','S002','PHYS101-3'),('paper based','2024-05-24','S003','BIO101-1'),('online','2024-05-10','S003','BIO101-2'),('paper based','2024-05-10','S003','BIO101-3'),('paper based','2024-05-18','S003','CHEM101-1'),('paper based','2024-05-28','S003','CHEM101-2'),('online','2024-05-23','S003','CHEM101-3'),('online','2024-05-29','S003','COMP101-1'),('paper based','2024-05-17','S003','COMP101-2'),('paper based','2024-05-28','S003','COMP101-3'),('paper based','2024-05-24','S003','ENG101-1'),('online','2024-05-07','S003','ENG101-2'),('paper based','2024-05-24','S003','ENG101-3'),('paper based','2024-05-06','S003','MATH101-1'),('paper based','2024-05-18','S003','MATH101-2'),('online','2024-05-12','S003','MATH101-3'),('online','2024-05-05','S003','PHYS101-1'),('online','2024-05-19','S003','PHYS101-2'),('paper based','2024-05-18','S003','PHYS101-3'),('paper based','2024-05-03','S004','BIO101-1'),('paper based','2024-05-19','S004','BIO101-2'),('paper based','2024-05-27','S004','BIO101-3'),('online','2024-05-14','S004','CHEM101-1'),('online','2024-05-21','S004','CHEM101-2'),('paper based','2024-05-31','S004','CHEM101-3'),('online','2024-05-28','S004','COMP101-1'),('online','2024-05-17','S004','COMP101-2'),('online','2024-05-29','S004','COMP101-3'),('paper based','2024-05-02','S004','ENG101-1'),('online','2024-05-16','S004','ENG101-2'),('online','2024-05-12','S004','ENG101-3'),('online','2024-05-13','S004','MATH101-1'),('online','2024-05-25','S004','MATH101-2'),('paper based','2024-05-25','S004','MATH101-3'),('online','2024-05-17','S004','PHYS101-1'),('paper based','2024-05-12','S004','PHYS101-2'),('paper based','2024-05-08','S004','PHYS101-3'),('paper based','2024-05-05','S005','BIO101-1'),('paper based','2024-05-29','S005','BIO101-2'),('online','2024-05-08','S005','BIO101-3'),('online','2024-05-13','S005','CHEM101-1'),('paper based','2024-05-09','S005','CHEM101-2'),('paper based','2024-05-05','S005','CHEM101-3'),('online','2024-05-29','S005','COMP101-1'),('paper based','2024-05-07','S005','COMP101-2'),('paper based','2024-05-07','S005','COMP101-3'),('online','2024-05-14','S005','ENG101-1'),('online','2024-05-16','S005','ENG101-2'),('online','2024-05-08','S005','ENG101-3'),('online','2024-05-20','S005','MATH101-1'),('paper based','2024-05-17','S005','MATH101-2'),('paper based','2024-05-21','S005','MATH101-3'),('paper based','2024-05-26','S005','PHYS101-1'),('online','2024-05-01','S005','PHYS101-2'),('paper based','2024-05-22','S005','PHYS101-3'),('paper based','2024-05-14','S006','BIO101-1'),('paper based','2024-05-02','S006','BIO101-2'),('paper based','2024-05-29','S006','BIO101-3'),('online','2024-05-14','S006','CHEM101-1'),('online','2024-05-13','S006','CHEM101-2'),('online','2024-05-26','S006','CHEM101-3'),('online','2024-05-25','S006','COMP101-1'),('online','2024-05-15','S006','COMP101-2'),('paper based','2024-05-02','S006','COMP101-3'),('online','2024-05-27','S006','ENG101-1'),('online','2024-05-03','S006','ENG101-2'),('online','2024-05-25','S006','ENG101-3'),('paper based','2024-05-25','S006','MATH101-1'),('paper based','2024-05-18','S006','MATH101-2'),('paper based','2024-05-14','S006','MATH101-3'),('paper based','2024-05-15','S006','PHYS101-1'),('paper based','2024-05-04','S006','PHYS101-2'),('paper based','2024-05-02','S006','PHYS101-3'),('paper based','2024-05-30','S007','BIO101-1'),('online','2024-05-21','S007','BIO101-2'),('paper based','2024-05-15','S007','BIO101-3'),('online','2024-05-12','S007','CHEM101-1'),('paper based','2024-05-15','S007','CHEM101-2'),('online','2024-05-08','S007','CHEM101-3'),('online','2024-05-26','S007','COMP101-1'),('paper based','2024-05-11','S007','COMP101-2'),('online','2024-05-07','S007','COMP101-3'),('paper based','2024-05-31','S007','ENG101-1'),('paper based','2024-05-11','S007','ENG101-2'),('online','2024-05-23','S007','ENG101-3'),('online','2024-05-19','S007','MATH101-1'),('paper based','2024-05-25','S007','MATH101-2'),('online','2024-05-07','S007','MATH101-3'),('paper based','2024-05-23','S007','PHYS101-1'),('online','2024-05-30','S007','PHYS101-2'),('paper based','2024-05-20','S007','PHYS101-3'),('paper based','2024-05-10','S008','BIO101-1'),('paper based','2024-05-21','S008','BIO101-2'),('paper based','2024-05-11','S008','BIO101-3'),('paper based','2024-05-23','S008','CHEM101-1'),('paper based','2024-05-21','S008','CHEM101-2'),('paper based','2024-05-01','S008','CHEM101-3'),('paper based','2024-05-06','S008','COMP101-1'),('online','2024-05-26','S008','COMP101-2'),('paper based','2024-05-20','S008','COMP101-3'),('paper based','2024-05-22','S008','ENG101-1'),('online','2024-05-20','S008','ENG101-2'),('online','2024-05-30','S008','ENG101-3'),('online','2024-05-27','S008','MATH101-1'),('online','2024-05-13','S008','MATH101-2'),('paper based','2024-05-18','S008','MATH101-3'),('paper based','2024-05-17','S008','PHYS101-1'),('online','2024-05-31','S008','PHYS101-2'),('online','2024-05-12','S008','PHYS101-3'),('online','2024-05-27','S009','BIO101-1'),('online','2024-05-08','S009','BIO101-2'),('online','2024-05-18','S009','BIO101-3'),('paper based','2024-05-05','S009','CHEM101-1'),('paper based','2024-05-30','S009','CHEM101-2'),('paper based','2024-05-12','S009','CHEM101-3'),('paper based','2024-05-02','S009','COMP101-1'),('paper based','2024-05-03','S009','COMP101-2'),('online','2024-05-10','S009','COMP101-3'),('paper based','2024-05-11','S009','ENG101-1'),('paper based','2024-05-22','S009','ENG101-2'),('paper based','2024-05-14','S009','ENG101-3'),('paper based','2024-05-03','S009','MATH101-1'),('online','2024-05-05','S009','MATH101-2'),('paper based','2024-05-14','S009','MATH101-3'),('paper based','2024-05-22','S009','PHYS101-1'),('online','2024-05-09','S009','PHYS101-2'),('paper based','2024-05-09','S009','PHYS101-3'),('online','2024-05-17','S010','BIO101-1'),('online','2024-05-25','S010','BIO101-2'),('online','2024-05-11','S010','BIO101-3'),('paper based','2024-05-10','S010','CHEM101-1'),('online','2024-05-18','S010','CHEM101-2'),('online','2024-05-27','S010','CHEM101-3'),('paper based','2024-05-19','S010','COMP101-1'),('paper based','2024-05-15','S010','COMP101-2'),('online','2024-05-17','S010','COMP101-3'),('online','2024-05-07','S010','ENG101-1'),('online','2024-05-14','S010','ENG101-2'),('online','2024-05-17','S010','ENG101-3'),('online','2024-05-14','S010','MATH101-1'),('paper based','2024-05-16','S010','MATH101-2'),('paper based','2024-05-08','S010','MATH101-3'),('paper based','2024-05-22','S010','PHYS101-1'),('paper based','2024-05-24','S010','PHYS101-2'),('online','2024-05-21','S010','PHYS101-3'),('paper based','2024-05-01','S011','BIO101-1'),('online','2024-05-03','S011','BIO101-2'),('online','2024-05-13','S011','BIO101-3'),('paper based','2024-05-24','S011','CHEM101-1'),('paper based','2024-05-20','S011','CHEM101-2'),('online','2024-05-26','S011','CHEM101-3'),('paper based','2024-05-06','S011','COMP101-1'),('paper based','2024-05-15','S011','COMP101-2'),('paper based','2024-05-24','S011','COMP101-3'),('paper based','2024-05-14','S011','ENG101-1'),('paper based','2024-05-28','S011','ENG101-2'),('paper based','2024-05-03','S011','ENG101-3'),('paper based','2024-05-23','S011','MATH101-1'),('paper based','2024-05-14','S011','MATH101-2'),('paper based','2024-05-30','S011','MATH101-3'),('online','2024-05-14','S011','PHYS101-1'),('online','2024-05-11','S011','PHYS101-2'),('paper based','2024-05-12','S011','PHYS101-3'),('paper based','2024-05-26','S012','BIO101-1'),('online','2024-05-31','S012','BIO101-2'),('online','2024-05-17','S012','BIO101-3'),('online','2024-05-21','S012','CHEM101-1'),('paper based','2024-05-22','S012','CHEM101-2'),('paper based','2024-05-14','S012','CHEM101-3'),('online','2024-05-07','S012','COMP101-1'),('online','2024-05-21','S012','COMP101-2'),('paper based','2024-05-21','S012','COMP101-3'),('online','2024-05-12','S012','ENG101-1'),('paper based','2024-05-28','S012','ENG101-2'),('paper based','2024-05-10','S012','ENG101-3'),('online','2024-05-29','S012','MATH101-1'),('paper based','2024-05-19','S012','MATH101-2'),('paper based','2024-05-08','S012','MATH101-3'),('paper based','2024-05-15','S012','PHYS101-1'),('paper based','2024-05-17','S012','PHYS101-2'),('paper based','2024-05-09','S012','PHYS101-3'),('online','2024-05-25','S013','BIO101-1'),('paper based','2024-05-06','S013','BIO101-2'),('paper based','2024-05-14','S013','BIO101-3'),('paper based','2024-05-20','S013','CHEM101-1'),('online','2024-05-26','S013','CHEM101-2'),('paper based','2024-05-07','S013','CHEM101-3'),('paper based','2024-05-21','S013','COMP101-1'),('online','2024-05-23','S013','COMP101-2'),('paper based','2024-05-17','S013','COMP101-3'),('paper based','2024-05-17','S013','ENG101-1'),('paper based','2024-05-02','S013','ENG101-2'),('paper based','2024-05-22','S013','ENG101-3'),('paper based','2024-05-11','S013','MATH101-1'),('online','2024-05-19','S013','MATH101-2'),('paper based','2024-05-29','S013','MATH101-3'),('paper based','2024-05-24','S013','PHYS101-1'),('online','2024-05-04','S013','PHYS101-2'),('online','2024-05-10','S013','PHYS101-3'),('paper based','2024-05-04','S014','BIO101-1'),('online','2024-05-21','S014','BIO101-2'),('online','2024-05-01','S014','BIO101-3'),('online','2024-05-02','S014','CHEM101-1'),('paper based','2024-05-06','S014','CHEM101-2'),('online','2024-05-25','S014','CHEM101-3'),('online','2024-05-15','S014','COMP101-1'),('paper based','2024-05-28','S014','COMP101-2'),('online','2024-05-04','S014','COMP101-3'),('online','2024-05-28','S014','ENG101-1'),('paper based','2024-05-03','S014','ENG101-2'),('paper based','2024-05-23','S014','ENG101-3'),('online','2024-05-13','S014','MATH101-1'),('paper based','2024-05-26','S014','MATH101-2'),('paper based','2024-05-27','S014','MATH101-3'),('paper based','2024-05-28','S014','PHYS101-1'),('online','2024-05-26','S014','PHYS101-2'),('paper based','2024-05-15','S014','PHYS101-3'),('online','2024-05-29','S015','BIO101-1'),('online','2024-05-05','S015','BIO101-2'),('online','2024-05-30','S015','BIO101-3'),('online','2024-05-12','S015','CHEM101-1'),('online','2024-05-30','S015','CHEM101-2'),('paper based','2024-05-23','S015','CHEM101-3'),('online','2024-05-22','S015','COMP101-1'),('online','2024-05-12','S015','COMP101-2'),('online','2024-05-23','S015','COMP101-3'),('paper based','2024-05-18','S015','ENG101-1'),('online','2024-05-20','S015','ENG101-2'),('online','2024-05-14','S015','ENG101-3'),('paper based','2024-05-10','S015','MATH101-1'),('paper based','2024-05-09','S015','MATH101-2'),('online','2024-05-13','S015','MATH101-3'),('paper based','2024-05-06','S015','PHYS101-1'),('online','2024-05-20','S015','PHYS101-2'),('paper based','2024-05-22','S015','PHYS101-3'),('paper based','2024-05-19','S016','BIO101-1'),('paper based','2024-05-26','S016','BIO101-2'),('online','2024-05-10','S016','BIO101-3'),('paper based','2024-05-02','S016','CHEM101-1'),('paper based','2024-05-14','S016','CHEM101-2'),('paper based','2024-05-29','S016','CHEM101-3'),('paper based','2024-05-10','S016','COMP101-1'),('online','2024-05-24','S016','COMP101-2'),('paper based','2024-05-28','S016','COMP101-3'),('paper based','2024-05-04','S016','ENG101-1'),('paper based','2024-05-31','S016','ENG101-2'),('online','2024-05-19','S016','ENG101-3'),('paper based','2024-05-03','S016','MATH101-1'),('paper based','2024-05-16','S016','MATH101-2'),('paper based','2024-05-10','S016','MATH101-3'),('online','2024-05-02','S016','PHYS101-1'),('online','2024-05-08','S016','PHYS101-2'),('online','2024-05-04','S016','PHYS101-3'),('online','2024-05-27','S017','BIO101-1'),('paper based','2024-05-29','S017','BIO101-2'),('paper based','2024-05-02','S017','BIO101-3'),('online','2024-05-15','S017','CHEM101-1'),('paper based','2024-05-08','S017','CHEM101-2'),('paper based','2024-05-23','S017','CHEM101-3'),('paper based','2024-05-31','S017','COMP101-1'),('paper based','2024-05-23','S017','COMP101-2'),('online','2024-05-20','S017','COMP101-3'),('online','2024-05-02','S017','ENG101-1'),('online','2024-05-09','S017','ENG101-2'),('online','2024-05-06','S017','ENG101-3'),('paper based','2024-05-06','S017','MATH101-1'),('online','2024-05-09','S017','MATH101-2'),('paper based','2024-05-26','S017','MATH101-3'),('online','2024-05-12','S017','PHYS101-1'),('paper based','2024-05-09','S017','PHYS101-2'),('online','2024-05-12','S017','PHYS101-3'),('paper based','2024-05-31','S018','BIO101-1'),('online','2024-05-27','S018','BIO101-2'),('paper based','2024-05-12','S018','BIO101-3'),('paper based','2024-05-06','S018','CHEM101-1'),('online','2024-05-27','S018','CHEM101-2'),('paper based','2024-05-22','S018','CHEM101-3'),('online','2024-05-29','S018','COMP101-1'),('online','2024-05-16','S018','COMP101-2'),('online','2024-05-25','S018','COMP101-3'),('paper based','2024-05-15','S018','ENG101-1'),('online','2024-05-30','S018','ENG101-2'),('online','2024-05-09','S018','ENG101-3'),('paper based','2024-05-19','S018','MATH101-1'),('online','2024-05-06','S018','MATH101-2'),('online','2024-05-03','S018','MATH101-3'),('paper based','2024-05-26','S018','PHYS101-1'),('paper based','2024-05-28','S018','PHYS101-2'),('online','2024-05-02','S018','PHYS101-3'),('online','2024-05-16','S019','BIO101-1'),('online','2024-05-14','S019','BIO101-2'),('paper based','2024-05-18','S019','BIO101-3'),('online','2024-05-19','S019','CHEM101-1'),('online','2024-05-09','S019','CHEM101-2'),('online','2024-05-17','S019','CHEM101-3'),('paper based','2024-05-26','S019','COMP101-1'),('online','2024-05-16','S019','COMP101-2'),('paper based','2024-05-04','S019','COMP101-3'),('online','2024-05-01','S019','ENG101-1'),('online','2024-05-26','S019','ENG101-2'),('online','2024-05-01','S019','ENG101-3'),('paper based','2024-05-18','S019','MATH101-1'),('online','2024-05-25','S019','MATH101-2'),('paper based','2024-05-09','S019','MATH101-3'),('online','2024-05-01','S019','PHYS101-1'),('online','2024-05-09','S019','PHYS101-2'),('paper based','2024-05-08','S019','PHYS101-3'),('online','2024-05-13','S020','BIO101-1'),('online','2024-05-10','S020','BIO101-2'),('online','2024-05-10','S020','BIO101-3'),('online','2024-05-18','S020','CHEM101-1'),('online','2024-05-29','S020','CHEM101-2'),('online','2024-05-28','S020','CHEM101-3'),('online','2024-05-21','S020','COMP101-1'),('online','2024-05-20','S020','COMP101-2'),('paper based','2024-05-07','S020','COMP101-3'),('online','2024-05-07','S020','ENG101-1'),('paper based','2024-05-12','S020','ENG101-2'),('online','2024-05-08','S020','ENG101-3'),('paper based','2024-05-04','S020','MATH101-1'),('paper based','2024-05-25','S020','MATH101-2'),('paper based','2024-05-20','S020','MATH101-3'),('online','2024-05-26','S020','PHYS101-1'),('paper based','2024-05-05','S020','PHYS101-2'),('online','2024-05-08','S020','PHYS101-3'),('paper based','2024-05-24','S021','BIO101-1'),('online','2024-05-06','S021','BIO101-2'),('paper based','2024-05-17','S021','BIO101-3'),('online','2024-05-03','S021','CHEM101-1'),('online','2024-05-28','S021','CHEM101-2'),('paper based','2024-05-06','S021','CHEM101-3'),('online','2024-05-07','S021','COMP101-1'),('online','2024-05-18','S021','COMP101-2'),('online','2024-05-05','S021','COMP101-3'),('online','2024-05-01','S021','ENG101-1'),('online','2024-05-21','S021','ENG101-2'),('online','2024-05-08','S021','ENG101-3'),('online','2024-05-06','S021','MATH101-1'),('online','2024-05-08','S021','MATH101-2'),('paper based','2024-05-21','S021','MATH101-3'),('paper based','2024-05-19','S021','PHYS101-1'),('online','2024-05-01','S021','PHYS101-2'),('online','2024-05-11','S021','PHYS101-3'),('paper based','2024-05-18','S022','BIO101-1'),('online','2024-05-24','S022','BIO101-2'),('online','2024-05-06','S022','BIO101-3'),('paper based','2024-05-19','S022','CHEM101-1'),('paper based','2024-05-16','S022','CHEM101-2'),('paper based','2024-05-20','S022','CHEM101-3'),('online','2024-05-22','S022','COMP101-1'),('paper based','2024-05-19','S022','COMP101-2'),('paper based','2024-05-28','S022','COMP101-3'),('online','2024-05-22','S022','ENG101-1'),('paper based','2024-05-24','S022','ENG101-2'),('paper based','2024-05-22','S022','ENG101-3'),('online','2024-05-06','S022','MATH101-1'),('paper based','2024-05-25','S022','MATH101-2'),('online','2024-05-13','S022','MATH101-3'),('paper based','2024-05-20','S022','PHYS101-1'),('paper based','2024-05-01','S022','PHYS101-2'),('paper based','2024-05-05','S022','PHYS101-3'),('paper based','2024-05-24','S023','BIO101-1'),('paper based','2024-05-09','S023','BIO101-2'),('paper based','2024-05-03','S023','BIO101-3'),('online','2024-05-19','S023','CHEM101-1'),('online','2024-05-25','S023','CHEM101-2'),('paper based','2024-05-05','S023','CHEM101-3'),('online','2024-05-13','S023','COMP101-1'),('online','2024-05-18','S023','COMP101-2'),('paper based','2024-05-17','S023','COMP101-3'),('online','2024-05-01','S023','ENG101-1'),('online','2024-05-14','S023','ENG101-2'),('paper based','2024-05-07','S023','ENG101-3'),('online','2024-05-21','S023','MATH101-1'),('paper based','2024-05-21','S023','MATH101-2'),('paper based','2024-05-10','S023','MATH101-3'),('paper based','2024-05-21','S023','PHYS101-1'),('paper based','2024-05-09','S023','PHYS101-2'),('paper based','2024-05-15','S023','PHYS101-3'),('online','2024-05-15','S024','BIO101-1'),('online','2024-05-28','S024','BIO101-2'),('online','2024-05-04','S024','BIO101-3'),('online','2024-05-29','S024','CHEM101-1'),('online','2024-05-08','S024','CHEM101-2'),('online','2024-05-14','S024','CHEM101-3'),('online','2024-05-14','S024','COMP101-1'),('online','2024-05-26','S024','COMP101-2'),('paper based','2024-05-29','S024','COMP101-3'),('online','2024-05-03','S024','ENG101-1'),('paper based','2024-05-20','S024','ENG101-2'),('paper based','2024-05-27','S024','ENG101-3'),('paper based','2024-05-15','S024','MATH101-1'),('online','2024-05-23','S024','MATH101-2'),('online','2024-05-07','S024','MATH101-3'),('online','2024-05-28','S024','PHYS101-1'),('online','2024-05-25','S024','PHYS101-2'),('paper based','2024-05-12','S024','PHYS101-3'),('paper based','2024-05-14','S025','BIO101-1'),('online','2024-05-01','S025','BIO101-2'),('paper based','2024-05-28','S025','BIO101-3'),('paper based','2024-05-09','S025','CHEM101-1'),('paper based','2024-05-23','S025','CHEM101-2'),('online','2024-05-27','S025','CHEM101-3'),('paper based','2024-05-03','S025','COMP101-1'),('paper based','2024-05-26','S025','COMP101-2'),('paper based','2024-05-27','S025','COMP101-3'),('online','2024-05-25','S025','ENG101-1'),('paper based','2024-05-12','S025','ENG101-2'),('paper based','2024-05-18','S025','ENG101-3'),('online','2024-05-19','S025','MATH101-1'),('online','2024-05-12','S025','MATH101-2'),('paper based','2024-05-02','S025','MATH101-3'),('paper based','2024-05-05','S025','PHYS101-1'),('paper based','2024-05-18','S025','PHYS101-2'),('online','2024-05-12','S025','PHYS101-3'),('paper based','2024-05-06','S026','BIO101-1'),('paper based','2024-05-24','S026','BIO101-2'),('online','2024-05-09','S026','BIO101-3'),('online','2024-05-04','S026','CHEM101-1'),('paper based','2024-05-23','S026','CHEM101-2'),('online','2024-05-09','S026','CHEM101-3'),('online','2024-05-07','S026','COMP101-1'),('paper based','2024-05-07','S026','COMP101-2'),('online','2024-05-15','S026','COMP101-3'),('paper based','2024-05-22','S026','ENG101-1'),('paper based','2024-05-02','S026','ENG101-2'),('online','2024-05-08','S026','ENG101-3'),('online','2024-05-31','S026','MATH101-1'),('paper based','2024-05-06','S026','MATH101-2'),('online','2024-05-31','S026','MATH101-3'),('online','2024-05-12','S026','PHYS101-1'),('online','2024-05-30','S026','PHYS101-2'),('paper based','2024-05-21','S026','PHYS101-3'),('online','2024-05-14','S027','BIO102-1'),('paper based','2024-05-04','S027','BIO102-2'),('paper based','2024-05-10','S027','BIO102-3'),('online','2024-05-07','S027','CHEM102-1'),('paper based','2024-05-03','S027','CHEM102-2'),('online','2024-05-25','S027','CHEM102-3'),('paper based','2024-05-25','S027','COMP102-1'),('paper based','2024-05-16','S027','COMP102-2'),('paper based','2024-05-05','S027','COMP102-3'),('paper based','2024-05-09','S027','ENG102-1'),('paper based','2024-05-30','S027','ENG102-2'),('online','2024-05-29','S027','ENG102-3'),('online','2024-05-24','S027','MATH102-1'),('online','2024-05-31','S027','MATH102-2'),('online','2024-05-22','S027','MATH102-3'),('online','2024-05-14','S027','PHYS102-1'),('online','2024-05-05','S027','PHYS102-2'),('online','2024-05-12','S027','PHYS102-3'),('online','2024-05-14','S028','BIO102-1'),('paper based','2024-05-02','S028','BIO102-2'),('online','2024-05-30','S028','BIO102-3'),('paper based','2024-05-18','S028','CHEM102-1'),('online','2024-05-31','S028','CHEM102-2'),('paper based','2024-05-09','S028','CHEM102-3'),('online','2024-05-13','S028','COMP102-1'),('paper based','2024-05-07','S028','COMP102-2'),('online','2024-05-24','S028','COMP102-3'),('online','2024-05-08','S028','ENG102-1'),('online','2024-05-28','S028','ENG102-2'),('paper based','2024-05-21','S028','ENG102-3'),('online','2024-05-22','S028','MATH102-1'),('paper based','2024-05-17','S028','MATH102-2'),('paper based','2024-05-18','S028','MATH102-3'),('paper based','2024-05-07','S028','PHYS102-1'),('online','2024-05-11','S028','PHYS102-2'),('paper based','2024-05-02','S028','PHYS102-3'),('online','2024-05-10','S029','BIO102-1'),('online','2024-05-10','S029','BIO102-2'),('online','2024-05-19','S029','BIO102-3'),('paper based','2024-05-05','S029','CHEM102-1'),('paper based','2024-05-27','S029','CHEM102-2'),('paper based','2024-05-27','S029','CHEM102-3'),('online','2024-05-23','S029','COMP102-1'),('online','2024-05-02','S029','COMP102-2'),('online','2024-05-02','S029','COMP102-3'),('online','2024-05-04','S029','ENG102-1'),('paper based','2024-05-15','S029','ENG102-2'),('online','2024-05-01','S029','ENG102-3'),('online','2024-05-19','S029','MATH102-1'),('paper based','2024-05-01','S029','MATH102-2'),('online','2024-05-10','S029','MATH102-3'),('paper based','2024-05-13','S029','PHYS102-1'),('online','2024-05-04','S029','PHYS102-2'),('online','2024-05-10','S029','PHYS102-3'),('online','2024-05-10','S030','BIO102-1'),('online','2024-05-16','S030','BIO102-2'),('online','2024-05-19','S030','BIO102-3'),('online','2024-05-18','S030','CHEM102-1'),('paper based','2024-05-30','S030','CHEM102-2'),('paper based','2024-05-05','S030','CHEM102-3'),('paper based','2024-05-25','S030','COMP102-1'),('online','2024-05-17','S030','COMP102-2'),('paper based','2024-05-09','S030','COMP102-3'),('paper based','2024-05-25','S030','ENG102-1'),('paper based','2024-05-04','S030','ENG102-2'),('online','2024-05-08','S030','ENG102-3'),('paper based','2024-05-26','S030','MATH102-1'),('online','2024-05-11','S030','MATH102-2'),('paper based','2024-05-09','S030','MATH102-3'),('online','2024-05-10','S030','PHYS102-1'),('online','2024-05-24','S030','PHYS102-2'),('paper based','2024-05-29','S030','PHYS102-3'),('paper based','2024-05-07','S031','BIO102-1'),('online','2024-05-12','S031','BIO102-2'),('paper based','2024-05-06','S031','BIO102-3'),('online','2024-05-26','S031','CHEM102-1'),('online','2024-05-18','S031','CHEM102-2'),('online','2024-05-11','S031','CHEM102-3'),('paper based','2024-05-01','S031','COMP102-1'),('online','2024-05-01','S031','COMP102-2'),('online','2024-05-31','S031','COMP102-3'),('paper based','2024-05-31','S031','ENG102-1'),('online','2024-05-30','S031','ENG102-2'),('paper based','2024-05-26','S031','ENG102-3'),('paper based','2024-05-09','S031','MATH102-1'),('paper based','2024-05-29','S031','MATH102-2'),('paper based','2024-05-23','S031','MATH102-3'),('paper based','2024-05-29','S031','PHYS102-1'),('paper based','2024-05-12','S031','PHYS102-2'),('online','2024-05-03','S031','PHYS102-3'),('paper based','2024-05-11','S032','BIO102-1'),('paper based','2024-05-14','S032','BIO102-2'),('online','2024-05-06','S032','BIO102-3'),('online','2024-05-17','S032','CHEM102-1'),('online','2024-05-07','S032','CHEM102-2'),('online','2024-05-14','S032','CHEM102-3'),('paper based','2024-05-18','S032','COMP102-1'),('online','2024-05-14','S032','COMP102-2'),('paper based','2024-05-16','S032','COMP102-3'),('online','2024-05-07','S032','ENG102-1'),('online','2024-05-15','S032','ENG102-2'),('paper based','2024-05-26','S032','ENG102-3'),('paper based','2024-05-21','S032','MATH102-1'),('paper based','2024-05-29','S032','MATH102-2'),('online','2024-05-16','S032','MATH102-3'),('online','2024-05-24','S032','PHYS102-1'),('paper based','2024-05-09','S032','PHYS102-2'),('paper based','2024-05-04','S032','PHYS102-3'),('paper based','2024-05-24','S033','BIO102-1'),('online','2024-05-14','S033','BIO102-2'),('paper based','2024-05-30','S033','BIO102-3'),('online','2024-05-12','S033','CHEM102-1'),('online','2024-05-03','S033','CHEM102-2'),('online','2024-05-07','S033','CHEM102-3'),('paper based','2024-05-28','S033','COMP102-1'),('paper based','2024-05-27','S033','COMP102-2'),('online','2024-05-16','S033','COMP102-3'),('paper based','2024-05-29','S033','ENG102-1'),('online','2024-05-06','S033','ENG102-2'),('paper based','2024-05-02','S033','ENG102-3'),('online','2024-05-25','S033','MATH102-1'),('online','2024-05-23','S033','MATH102-2'),('paper based','2024-05-08','S033','MATH102-3'),('online','2024-05-02','S033','PHYS102-1'),('online','2024-05-15','S033','PHYS102-2'),('online','2024-05-08','S033','PHYS102-3'),('paper based','2024-05-26','S034','BIO102-1'),('online','2024-05-10','S034','BIO102-2'),('paper based','2024-05-05','S034','BIO102-3'),('paper based','2024-05-26','S034','CHEM102-1'),('online','2024-05-22','S034','CHEM102-2'),('online','2024-05-31','S034','CHEM102-3'),('online','2024-05-25','S034','COMP102-1'),('online','2024-05-01','S034','COMP102-2'),('paper based','2024-05-22','S034','COMP102-3'),('paper based','2024-05-12','S034','ENG102-1'),('paper based','2024-05-26','S034','ENG102-2'),('paper based','2024-05-31','S034','ENG102-3'),('online','2024-05-13','S034','MATH102-1'),('paper based','2024-05-05','S034','MATH102-2'),('online','2024-05-17','S034','MATH102-3'),('paper based','2024-05-09','S034','PHYS102-1'),('online','2024-05-21','S034','PHYS102-2'),('paper based','2024-05-15','S034','PHYS102-3'),('paper based','2024-05-14','S035','BIO102-1'),('online','2024-05-24','S035','BIO102-2'),('online','2024-05-16','S035','BIO102-3'),('online','2024-05-08','S035','CHEM102-1'),('online','2024-05-20','S035','CHEM102-2'),('paper based','2024-05-16','S035','CHEM102-3'),('online','2024-05-18','S035','COMP102-1'),('paper based','2024-05-10','S035','COMP102-2'),('online','2024-05-29','S035','COMP102-3'),('paper based','2024-05-20','S035','ENG102-1'),('online','2024-05-12','S035','ENG102-2'),('paper based','2024-05-30','S035','ENG102-3'),('online','2024-05-22','S035','MATH102-1'),('paper based','2024-05-20','S035','MATH102-2'),('online','2024-05-31','S035','MATH102-3'),('online','2024-05-04','S035','PHYS102-1'),('online','2024-05-20','S035','PHYS102-2'),('online','2024-05-25','S035','PHYS102-3'),('paper based','2024-05-03','S036','BIO102-1'),('online','2024-05-02','S036','BIO102-2'),('paper based','2024-05-01','S036','BIO102-3'),('online','2024-05-29','S036','CHEM102-1'),('online','2024-05-18','S036','CHEM102-2'),('paper based','2024-05-02','S036','CHEM102-3'),('online','2024-05-17','S036','COMP102-1'),('paper based','2024-05-19','S036','COMP102-2'),('paper based','2024-05-11','S036','COMP102-3'),('paper based','2024-05-27','S036','ENG102-1'),('paper based','2024-05-12','S036','ENG102-2'),('paper based','2024-05-06','S036','ENG102-3'),('online','2024-05-25','S036','MATH102-1'),('online','2024-05-16','S036','MATH102-2'),('paper based','2024-05-02','S036','MATH102-3'),('paper based','2024-05-24','S036','PHYS102-1'),('online','2024-05-22','S036','PHYS102-2'),('paper based','2024-05-07','S036','PHYS102-3'),('paper based','2024-05-30','S037','BIO102-1'),('paper based','2024-05-06','S037','BIO102-2'),('paper based','2024-05-01','S037','BIO102-3'),('paper based','2024-05-19','S037','CHEM102-1'),('online','2024-05-27','S037','CHEM102-2'),('online','2024-05-18','S037','CHEM102-3'),('online','2024-05-09','S037','COMP102-1'),('paper based','2024-05-19','S037','COMP102-2'),('paper based','2024-05-05','S037','COMP102-3'),('online','2024-05-31','S037','ENG102-1'),('paper based','2024-05-15','S037','ENG102-2'),('online','2024-05-14','S037','ENG102-3'),('online','2024-05-25','S037','MATH102-1'),('paper based','2024-05-19','S037','MATH102-2'),('paper based','2024-05-19','S037','MATH102-3'),('online','2024-05-07','S037','PHYS102-1'),('online','2024-05-09','S037','PHYS102-2'),('online','2024-05-22','S037','PHYS102-3'),('online','2024-05-20','S038','BIO102-1'),('paper based','2024-05-04','S038','BIO102-2'),('online','2024-05-19','S038','BIO102-3'),('online','2024-05-23','S038','CHEM102-1'),('online','2024-05-25','S038','CHEM102-2'),('online','2024-05-25','S038','CHEM102-3'),('paper based','2024-05-17','S038','COMP102-1'),('paper based','2024-05-11','S038','COMP102-2'),('paper based','2024-05-02','S038','COMP102-3'),('paper based','2024-05-08','S038','ENG102-1'),('paper based','2024-05-04','S038','ENG102-2'),('paper based','2024-05-24','S038','ENG102-3'),('online','2024-05-16','S038','MATH102-1'),('online','2024-05-08','S038','MATH102-2'),('paper based','2024-05-21','S038','MATH102-3'),('paper based','2024-05-19','S038','PHYS102-1'),('paper based','2024-05-01','S038','PHYS102-2'),('online','2024-05-10','S038','PHYS102-3'),('paper based','2024-05-16','S039','BIO102-1'),('paper based','2024-05-20','S039','BIO102-2'),('online','2024-05-17','S039','BIO102-3'),('online','2024-05-26','S039','CHEM102-1'),('paper based','2024-05-16','S039','CHEM102-2'),('online','2024-05-31','S039','CHEM102-3'),('paper based','2024-05-14','S039','COMP102-1'),('paper based','2024-05-08','S039','COMP102-2'),('online','2024-05-27','S039','COMP102-3'),('paper based','2024-05-18','S039','ENG102-1'),('online','2024-05-09','S039','ENG102-2'),('paper based','2024-05-21','S039','ENG102-3'),('paper based','2024-05-18','S039','MATH102-1'),('paper based','2024-05-24','S039','MATH102-2'),('paper based','2024-05-06','S039','MATH102-3'),('online','2024-05-18','S039','PHYS102-1'),('paper based','2024-05-11','S039','PHYS102-2'),('paper based','2024-05-30','S039','PHYS102-3'),('online','2024-05-23','S040','BIO102-1'),('online','2024-05-24','S040','BIO102-2'),('online','2024-05-19','S040','BIO102-3'),('paper based','2024-05-22','S040','CHEM102-1'),('online','2024-05-23','S040','CHEM102-2'),('online','2024-05-17','S040','CHEM102-3'),('paper based','2024-05-16','S040','COMP102-1'),('paper based','2024-05-29','S040','COMP102-2'),('paper based','2024-05-02','S040','COMP102-3'),('online','2024-05-17','S040','ENG102-1'),('online','2024-05-18','S040','ENG102-2'),('paper based','2024-05-05','S040','ENG102-3'),('paper based','2024-05-04','S040','MATH102-1'),('online','2024-05-04','S040','MATH102-2'),('paper based','2024-05-09','S040','MATH102-3'),('online','2024-05-29','S040','PHYS102-1'),('paper based','2024-05-27','S040','PHYS102-2'),('online','2024-05-15','S040','PHYS102-3'),('paper based','2024-05-25','S041','BIO102-1'),('online','2024-05-16','S041','BIO102-2'),('online','2024-05-04','S041','BIO102-3'),('paper based','2024-05-05','S041','CHEM102-1'),('paper based','2024-05-13','S041','CHEM102-2'),('paper based','2024-05-19','S041','CHEM102-3'),('paper based','2024-05-25','S041','COMP102-1'),('online','2024-05-05','S041','COMP102-2'),('paper based','2024-05-09','S041','COMP102-3'),('online','2024-05-02','S041','ENG102-1'),('online','2024-05-11','S041','ENG102-2'),('online','2024-05-18','S041','ENG102-3'),('paper based','2024-05-27','S041','MATH102-1'),('online','2024-05-17','S041','MATH102-2'),('paper based','2024-05-02','S041','MATH102-3'),('online','2024-05-23','S041','PHYS102-1'),('online','2024-05-15','S041','PHYS102-2'),('online','2024-05-05','S041','PHYS102-3'),('online','2024-05-12','S042','BIO102-1'),('online','2024-05-13','S042','BIO102-2'),('online','2024-05-27','S042','BIO102-3'),('online','2024-05-02','S042','CHEM102-1'),('online','2024-05-22','S042','CHEM102-2'),('online','2024-05-12','S042','CHEM102-3'),('online','2024-05-25','S042','COMP102-1'),('online','2024-05-26','S042','COMP102-2'),('paper based','2024-05-25','S042','COMP102-3'),('paper based','2024-05-12','S042','ENG102-1'),('paper based','2024-05-18','S042','ENG102-2'),('online','2024-05-21','S042','ENG102-3'),('paper based','2024-05-19','S042','MATH102-1'),('paper based','2024-05-02','S042','MATH102-2'),('paper based','2024-05-14','S042','MATH102-3'),('online','2024-05-31','S042','PHYS102-1'),('paper based','2024-05-20','S042','PHYS102-2'),('paper based','2024-05-08','S042','PHYS102-3'),('online','2024-05-11','S043','BIO102-1'),('paper based','2024-05-01','S043','BIO102-2'),('online','2024-05-30','S043','BIO102-3'),('paper based','2024-05-25','S043','CHEM102-1'),('paper based','2024-05-01','S043','CHEM102-2'),('paper based','2024-05-24','S043','CHEM102-3'),('online','2024-05-22','S043','COMP102-1'),('paper based','2024-05-09','S043','COMP102-2'),('paper based','2024-05-08','S043','COMP102-3'),('paper based','2024-05-14','S043','ENG102-1'),('paper based','2024-05-12','S043','ENG102-2'),('online','2024-05-17','S043','ENG102-3'),('paper based','2024-05-19','S043','MATH102-1'),('online','2024-05-12','S043','MATH102-2'),('paper based','2024-05-03','S043','MATH102-3'),('paper based','2024-05-08','S043','PHYS102-1'),('online','2024-05-30','S043','PHYS102-2'),('paper based','2024-05-03','S043','PHYS102-3'),('online','2024-05-15','S044','BIO102-1'),('paper based','2024-05-07','S044','BIO102-2'),('online','2024-05-17','S044','BIO102-3'),('paper based','2024-05-05','S044','CHEM102-1'),('paper based','2024-05-02','S044','CHEM102-2'),('online','2024-05-26','S044','CHEM102-3'),('paper based','2024-05-01','S044','COMP102-1'),('online','2024-05-17','S044','COMP102-2'),('online','2024-05-19','S044','COMP102-3'),('paper based','2024-05-13','S044','ENG102-1'),('paper based','2024-05-09','S044','ENG102-2'),('paper based','2024-05-03','S044','ENG102-3'),('paper based','2024-05-19','S044','MATH102-1'),('online','2024-05-24','S044','MATH102-2'),('paper based','2024-05-01','S044','MATH102-3'),('online','2024-05-24','S044','PHYS102-1'),('online','2024-05-25','S044','PHYS102-2'),('online','2024-05-22','S044','PHYS102-3'),('paper based','2024-05-01','S045','BIO102-1'),('online','2024-05-01','S045','BIO102-2'),('paper based','2024-05-31','S045','BIO102-3'),('online','2024-05-31','S045','CHEM102-1'),('online','2024-05-28','S045','CHEM102-2'),('online','2024-05-15','S045','CHEM102-3'),('online','2024-05-20','S045','COMP102-1'),('online','2024-05-27','S045','COMP102-2'),('online','2024-05-12','S045','COMP102-3'),('paper based','2024-05-09','S045','ENG102-1'),('paper based','2024-05-07','S045','ENG102-2'),('paper based','2024-05-10','S045','ENG102-3'),('paper based','2024-05-25','S045','MATH102-1'),('paper based','2024-05-05','S045','MATH102-2'),('online','2024-05-10','S045','MATH102-3'),('paper based','2024-05-02','S045','PHYS102-1'),('online','2024-05-13','S045','PHYS102-2'),('paper based','2024-05-26','S045','PHYS102-3'),('online','2024-05-29','S046','BIO102-1'),('online','2024-05-04','S046','BIO102-2'),('online','2024-05-26','S046','BIO102-3'),('online','2024-05-22','S046','CHEM102-1'),('paper based','2024-05-04','S046','CHEM102-2'),('paper based','2024-05-13','S046','CHEM102-3'),('paper based','2024-05-23','S046','COMP102-1'),('paper based','2024-05-11','S046','COMP102-2'),('online','2024-05-18','S046','COMP102-3'),('online','2024-05-28','S046','ENG102-1'),('paper based','2024-05-20','S046','ENG102-2'),('online','2024-05-16','S046','ENG102-3'),('paper based','2024-05-19','S046','MATH102-1'),('paper based','2024-05-18','S046','MATH102-2'),('paper based','2024-05-01','S046','MATH102-3'),('paper based','2024-05-13','S046','PHYS102-1'),('online','2024-05-28','S046','PHYS102-2'),('online','2024-05-09','S046','PHYS102-3'),('online','2024-05-23','S047','BIO102-1'),('paper based','2024-05-25','S047','BIO102-2'),('online','2024-05-26','S047','BIO102-3'),('paper based','2024-05-24','S047','CHEM102-1'),('paper based','2024-05-10','S047','CHEM102-2'),('online','2024-05-10','S047','CHEM102-3'),('paper based','2024-05-17','S047','COMP102-1'),('paper based','2024-05-23','S047','COMP102-2'),('online','2024-05-02','S047','COMP102-3'),('online','2024-05-02','S047','ENG102-1'),('online','2024-05-06','S047','ENG102-2'),('online','2024-05-22','S047','ENG102-3'),('online','2024-05-28','S047','MATH102-1'),('paper based','2024-05-15','S047','MATH102-2'),('paper based','2024-05-18','S047','MATH102-3'),('paper based','2024-05-15','S047','PHYS102-1'),('paper based','2024-05-19','S047','PHYS102-2'),('paper based','2024-05-20','S047','PHYS102-3'),('paper based','2024-05-11','S048','BIO102-1'),('online','2024-05-27','S048','BIO102-2'),('paper based','2024-05-09','S048','BIO102-3'),('online','2024-05-23','S048','CHEM102-1'),('paper based','2024-05-27','S048','CHEM102-2'),('paper based','2024-05-03','S048','CHEM102-3'),('paper based','2024-05-28','S048','COMP102-1'),('paper based','2024-05-05','S048','COMP102-2'),('online','2024-05-03','S048','COMP102-3'),('paper based','2024-05-31','S048','ENG102-1'),('online','2024-05-21','S048','ENG102-2'),('online','2024-05-10','S048','ENG102-3'),('online','2024-05-18','S048','MATH102-1'),('paper based','2024-05-28','S048','MATH102-2'),('paper based','2024-05-23','S048','MATH102-3'),('paper based','2024-05-31','S048','PHYS102-1'),('paper based','2024-05-25','S048','PHYS102-2'),('online','2024-05-31','S048','PHYS102-3'),('online','2024-05-15','S049','BIO102-1'),('paper based','2024-05-15','S049','BIO102-2'),('paper based','2024-05-31','S049','BIO102-3'),('paper based','2024-05-13','S049','CHEM102-1'),('online','2024-05-04','S049','CHEM102-2'),('paper based','2024-05-11','S049','CHEM102-3'),('paper based','2024-05-10','S049','COMP102-1'),('online','2024-05-20','S049','COMP102-2'),('paper based','2024-05-04','S049','COMP102-3'),('online','2024-05-25','S049','ENG102-1'),('online','2024-05-17','S049','ENG102-2'),('online','2024-05-10','S049','ENG102-3'),('paper based','2024-05-29','S049','MATH102-1'),('paper based','2024-05-22','S049','MATH102-2'),('online','2024-05-21','S049','MATH102-3'),('online','2024-05-09','S049','PHYS102-1'),('paper based','2024-05-14','S049','PHYS102-2'),('paper based','2024-05-09','S049','PHYS102-3'),('online','2024-05-02','S050','BIO102-1'),('paper based','2024-05-16','S050','BIO102-2'),('paper based','2024-05-09','S050','BIO102-3'),('online','2024-05-29','S050','CHEM102-1'),('paper based','2024-05-23','S050','CHEM102-2'),('online','2024-05-28','S050','CHEM102-3'),('online','2024-05-09','S050','COMP102-1'),('paper based','2024-05-21','S050','COMP102-2'),('online','2024-05-18','S050','COMP102-3'),('online','2024-05-24','S050','ENG102-1'),('online','2024-05-06','S050','ENG102-2'),('paper based','2024-05-20','S050','ENG102-3'),('paper based','2024-05-20','S050','MATH102-1'),('paper based','2024-05-05','S050','MATH102-2'),('online','2024-05-30','S050','MATH102-3'),('paper based','2024-05-08','S050','PHYS102-1'),('paper based','2024-05-13','S050','PHYS102-2'),('paper based','2024-05-07','S050','PHYS102-3'),('paper based','2024-05-30','S051','BIO102-1'),('online','2024-05-02','S051','BIO102-2'),('paper based','2024-05-12','S051','BIO102-3'),('online','2024-05-25','S051','CHEM102-1'),('paper based','2024-05-27','S051','CHEM102-2'),('paper based','2024-05-27','S051','CHEM102-3'),('paper based','2024-05-22','S051','COMP102-1'),('online','2024-05-29','S051','COMP102-2'),('paper based','2024-05-17','S051','COMP102-3'),('online','2024-05-28','S051','ENG102-1'),('paper based','2024-05-28','S051','ENG102-2'),('paper based','2024-05-23','S051','ENG102-3'),('paper based','2024-05-31','S051','MATH102-1'),('paper based','2024-05-24','S051','MATH102-2'),('online','2024-05-26','S051','MATH102-3'),('paper based','2024-05-26','S051','PHYS102-1'),('online','2024-05-21','S051','PHYS102-2'),('online','2024-05-25','S051','PHYS102-3'),('online','2024-05-02','S052','BIO102-1'),('paper based','2024-05-26','S052','BIO102-2'),('paper based','2024-05-01','S052','BIO102-3'),('online','2024-05-20','S052','CHEM102-1'),('paper based','2024-05-03','S052','CHEM102-2'),('paper based','2024-05-15','S052','CHEM102-3'),('online','2024-05-03','S052','COMP102-1'),('online','2024-05-02','S052','COMP102-2'),('online','2024-05-29','S052','COMP102-3'),('paper based','2024-05-17','S052','ENG102-1'),('paper based','2024-05-28','S052','ENG102-2'),('paper based','2024-05-24','S052','ENG102-3'),('paper based','2024-05-07','S052','MATH102-1'),('online','2024-05-24','S052','MATH102-2'),('online','2024-05-06','S052','MATH102-3'),('paper based','2024-05-20','S052','PHYS102-1'),('paper based','2024-05-19','S052','PHYS102-2'),('online','2024-05-02','S052','PHYS102-3'),('online','2024-05-15','S053','BIO103-1'),('online','2024-05-05','S053','BIO103-2'),('paper based','2024-05-11','S053','BIO103-3'),('online','2024-05-07','S053','CHEM103-1'),('paper based','2024-05-03','S053','CHEM103-2'),('online','2024-05-26','S053','CHEM103-3'),('paper based','2024-05-25','S053','COMP103-1'),('online','2024-05-16','S053','COMP103-2'),('paper based','2024-05-05','S053','COMP103-3'),('paper based','2024-05-07','S053','ENG103-1'),('paper based','2024-05-19','S053','ENG103-2'),('online','2024-05-10','S053','ENG103-3'),('online','2024-05-27','S053','MATH103-1'),('online','2024-05-09','S053','MATH103-2'),('online','2024-05-25','S053','MATH103-3'),('online','2024-05-04','S053','PHYS103-1'),('paper based','2024-05-07','S053','PHYS103-2'),('paper based','2024-05-23','S053','PHYS103-3'),('paper based','2024-05-01','S054','BIO103-1'),('online','2024-05-27','S054','BIO103-2'),('online','2024-05-09','S054','BIO103-3'),('paper based','2024-05-25','S054','CHEM103-1'),('online','2024-05-04','S054','CHEM103-2'),('online','2024-05-07','S054','CHEM103-3'),('paper based','2024-05-21','S054','COMP103-1'),('online','2024-05-24','S054','COMP103-2'),('online','2024-05-26','S054','COMP103-3'),('paper based','2024-05-25','S054','ENG103-1'),('online','2024-05-17','S054','ENG103-2'),('paper based','2024-05-10','S054','ENG103-3'),('online','2024-05-28','S054','MATH103-1'),('online','2024-05-16','S054','MATH103-2'),('paper based','2024-05-29','S054','MATH103-3'),('online','2024-05-31','S054','PHYS103-1'),('paper based','2024-05-09','S054','PHYS103-2'),('paper based','2024-05-12','S054','PHYS103-3'),('online','2024-05-03','S055','BIO103-1'),('online','2024-05-08','S055','BIO103-2'),('online','2024-05-31','S055','BIO103-3'),('paper based','2024-05-05','S055','CHEM103-1'),('paper based','2024-05-26','S055','CHEM103-2'),('paper based','2024-05-21','S055','CHEM103-3'),('online','2024-05-27','S055','COMP103-1'),('paper based','2024-05-08','S055','COMP103-2'),('online','2024-05-22','S055','COMP103-3'),('online','2024-05-22','S055','ENG103-1'),('online','2024-05-11','S055','ENG103-2'),('online','2024-05-22','S055','ENG103-3'),('paper based','2024-05-13','S055','MATH103-1'),('paper based','2024-05-31','S055','MATH103-2'),('online','2024-05-22','S055','MATH103-3'),('online','2024-05-15','S055','PHYS103-1'),('online','2024-05-10','S055','PHYS103-2'),('paper based','2024-05-05','S055','PHYS103-3'),('paper based','2024-05-25','S056','BIO103-1'),('online','2024-05-18','S056','BIO103-2'),('paper based','2024-05-15','S056','BIO103-3'),('online','2024-05-18','S056','CHEM103-1'),('paper based','2024-05-15','S056','CHEM103-2'),('online','2024-05-19','S056','CHEM103-3'),('online','2024-05-18','S056','COMP103-1'),('online','2024-05-03','S056','COMP103-2'),('paper based','2024-05-24','S056','COMP103-3'),('paper based','2024-05-15','S056','ENG103-1'),('online','2024-05-05','S056','ENG103-2'),('online','2024-05-11','S056','ENG103-3'),('paper based','2024-05-06','S056','MATH103-1'),('paper based','2024-05-26','S056','MATH103-2'),('paper based','2024-05-22','S056','MATH103-3'),('online','2024-05-01','S056','PHYS103-1'),('online','2024-05-29','S056','PHYS103-2'),('online','2024-05-16','S056','PHYS103-3'),('paper based','2024-05-27','S057','BIO103-1'),('paper based','2024-05-24','S057','BIO103-2'),('online','2024-05-07','S057','BIO103-3'),('online','2024-05-23','S057','CHEM103-1'),('online','2024-05-01','S057','CHEM103-2'),('online','2024-05-31','S057','CHEM103-3'),('paper based','2024-05-25','S057','COMP103-1'),('online','2024-05-02','S057','COMP103-2'),('online','2024-05-27','S057','COMP103-3'),('online','2024-05-05','S057','ENG103-1'),('online','2024-05-05','S057','ENG103-2'),('online','2024-05-09','S057','ENG103-3'),('online','2024-05-31','S057','MATH103-1'),('online','2024-05-02','S057','MATH103-2'),('online','2024-05-09','S057','MATH103-3'),('paper based','2024-05-08','S057','PHYS103-1'),('online','2024-05-13','S057','PHYS103-2'),('online','2024-05-09','S057','PHYS103-3'),('paper based','2024-05-04','S058','BIO103-1'),('paper based','2024-05-27','S058','BIO103-2'),('online','2024-05-27','S058','BIO103-3'),('paper based','2024-05-22','S058','CHEM103-1'),('online','2024-05-28','S058','CHEM103-2'),('online','2024-05-11','S058','CHEM103-3'),('online','2024-05-03','S058','COMP103-1'),('online','2024-05-14','S058','COMP103-2'),('online','2024-05-28','S058','COMP103-3'),('online','2024-05-07','S058','ENG103-1'),('online','2024-05-10','S058','ENG103-2'),('online','2024-05-27','S058','ENG103-3'),('online','2024-05-15','S058','MATH103-1'),('online','2024-05-23','S058','MATH103-2'),('paper based','2024-05-06','S058','MATH103-3'),('paper based','2024-05-25','S058','PHYS103-1'),('online','2024-05-13','S058','PHYS103-2'),('online','2024-05-21','S058','PHYS103-3'),('online','2024-05-01','S059','BIO103-1'),('online','2024-05-07','S059','BIO103-2'),('online','2024-05-29','S059','BIO103-3'),('online','2024-05-02','S059','CHEM103-1'),('online','2024-05-13','S059','CHEM103-2'),('paper based','2024-05-29','S059','CHEM103-3'),('online','2024-05-12','S059','COMP103-1'),('online','2024-05-05','S059','COMP103-2'),('online','2024-05-20','S059','COMP103-3'),('online','2024-05-21','S059','ENG103-1'),('paper based','2024-05-16','S059','ENG103-2'),('paper based','2024-05-13','S059','ENG103-3'),('online','2024-05-18','S059','MATH103-1'),('online','2024-05-19','S059','MATH103-2'),('online','2024-05-09','S059','MATH103-3'),('paper based','2024-05-18','S059','PHYS103-1'),('paper based','2024-05-03','S059','PHYS103-2'),('paper based','2024-05-20','S059','PHYS103-3'),('paper based','2024-05-31','S060','BIO103-1'),('online','2024-05-30','S060','BIO103-2'),('paper based','2024-05-29','S060','BIO103-3'),('paper based','2024-05-20','S060','CHEM103-1'),('paper based','2024-05-12','S060','CHEM103-2'),('paper based','2024-05-02','S060','CHEM103-3'),('paper based','2024-05-02','S060','COMP103-1'),('paper based','2024-05-06','S060','COMP103-2'),('online','2024-05-24','S060','COMP103-3'),('paper based','2024-05-06','S060','ENG103-1'),('paper based','2024-05-22','S060','ENG103-2'),('paper based','2024-05-30','S060','ENG103-3'),('online','2024-05-18','S060','MATH103-1'),('online','2024-05-03','S060','MATH103-2'),('paper based','2024-05-20','S060','MATH103-3'),('paper based','2024-05-29','S060','PHYS103-1'),('online','2024-05-22','S060','PHYS103-2'),('paper based','2024-05-23','S060','PHYS103-3'),('online','2024-05-17','S061','BIO103-1'),('online','2024-05-14','S061','BIO103-2'),('paper based','2024-05-20','S061','BIO103-3'),('online','2024-05-27','S061','CHEM103-1'),('paper based','2024-05-12','S061','CHEM103-2'),('paper based','2024-05-11','S061','CHEM103-3'),('online','2024-05-19','S061','COMP103-1'),('paper based','2024-05-29','S061','COMP103-2'),('online','2024-05-24','S061','COMP103-3'),('paper based','2024-05-02','S061','ENG103-1'),('online','2024-05-30','S061','ENG103-2'),('online','2024-05-21','S061','ENG103-3'),('online','2024-05-12','S061','MATH103-1'),('paper based','2024-05-30','S061','MATH103-2'),('paper based','2024-05-18','S061','MATH103-3'),('online','2024-05-02','S061','PHYS103-1'),('paper based','2024-05-16','S061','PHYS103-2'),('online','2024-05-11','S061','PHYS103-3'),('online','2024-05-07','S062','BIO103-1'),('paper based','2024-05-03','S062','BIO103-2'),('paper based','2024-05-23','S062','BIO103-3'),('online','2024-05-15','S062','CHEM103-1'),('paper based','2024-05-03','S062','CHEM103-2'),('online','2024-05-02','S062','CHEM103-3'),('online','2024-05-30','S062','COMP103-1'),('paper based','2024-05-21','S062','COMP103-2'),('paper based','2024-05-16','S062','COMP103-3'),('paper based','2024-05-14','S062','ENG103-1'),('paper based','2024-05-22','S062','ENG103-2'),('online','2024-05-04','S062','ENG103-3'),('paper based','2024-05-18','S062','MATH103-1'),('online','2024-05-13','S062','MATH103-2'),('paper based','2024-05-10','S062','MATH103-3'),('paper based','2024-05-12','S062','PHYS103-1'),('online','2024-05-31','S062','PHYS103-2'),('paper based','2024-05-26','S062','PHYS103-3'),('paper based','2024-05-03','S063','BIO103-1'),('paper based','2024-05-30','S063','BIO103-2'),('paper based','2024-05-18','S063','BIO103-3'),('paper based','2024-05-29','S063','CHEM103-1'),('paper based','2024-05-29','S063','CHEM103-2'),('online','2024-05-27','S063','CHEM103-3'),('paper based','2024-05-15','S063','COMP103-1'),('paper based','2024-05-25','S063','COMP103-2'),('online','2024-05-18','S063','COMP103-3'),('paper based','2024-05-15','S063','ENG103-1'),('online','2024-05-22','S063','ENG103-2'),('paper based','2024-05-31','S063','ENG103-3'),('online','2024-05-27','S063','MATH103-1'),('online','2024-05-09','S063','MATH103-2'),('paper based','2024-05-25','S063','MATH103-3'),('paper based','2024-05-06','S063','PHYS103-1'),('paper based','2024-05-17','S063','PHYS103-2'),('paper based','2024-05-02','S063','PHYS103-3'),('paper based','2024-05-21','S064','BIO103-1'),('online','2024-05-08','S064','BIO103-2'),('online','2024-05-06','S064','BIO103-3'),('paper based','2024-05-06','S064','CHEM103-1'),('online','2024-05-13','S064','CHEM103-2'),('paper based','2024-05-12','S064','CHEM103-3'),('paper based','2024-05-24','S064','COMP103-1'),('online','2024-05-21','S064','COMP103-2'),('paper based','2024-05-31','S064','COMP103-3'),('online','2024-05-31','S064','ENG103-1'),('online','2024-05-30','S064','ENG103-2'),('online','2024-05-24','S064','ENG103-3'),('online','2024-05-31','S064','MATH103-1'),('online','2024-05-20','S064','MATH103-2'),('online','2024-05-07','S064','MATH103-3'),('online','2024-05-04','S064','PHYS103-1'),('paper based','2024-05-31','S064','PHYS103-2'),('online','2024-05-18','S064','PHYS103-3'),('paper based','2024-05-29','S065','BIO103-1'),('online','2024-05-27','S065','BIO103-2'),('online','2024-05-17','S065','BIO103-3'),('online','2024-05-05','S065','CHEM103-1'),('online','2024-05-04','S065','CHEM103-2'),('paper based','2024-05-04','S065','CHEM103-3'),('online','2024-05-09','S065','COMP103-1'),('online','2024-05-01','S065','COMP103-2'),('paper based','2024-05-10','S065','COMP103-3'),('paper based','2024-05-13','S065','ENG103-1'),('paper based','2024-05-06','S065','ENG103-2'),('paper based','2024-05-21','S065','ENG103-3'),('paper based','2024-05-26','S065','MATH103-1'),('paper based','2024-05-02','S065','MATH103-2'),('paper based','2024-05-24','S065','MATH103-3'),('online','2024-05-21','S065','PHYS103-1'),('online','2024-05-03','S065','PHYS103-2'),('online','2024-05-15','S065','PHYS103-3'),('online','2024-05-01','S066','BIO103-1'),('online','2024-05-21','S066','BIO103-2'),('online','2024-05-08','S066','BIO103-3'),('online','2024-05-07','S066','CHEM103-1'),('paper based','2024-05-10','S066','CHEM103-2'),('paper based','2024-05-31','S066','CHEM103-3'),('paper based','2024-05-30','S066','COMP103-1'),('paper based','2024-05-25','S066','COMP103-2'),('paper based','2024-05-04','S066','COMP103-3'),('online','2024-05-05','S066','ENG103-1'),('paper based','2024-05-16','S066','ENG103-2'),('online','2024-05-30','S066','ENG103-3'),('online','2024-05-09','S066','MATH103-1'),('online','2024-05-15','S066','MATH103-2'),('online','2024-05-18','S066','MATH103-3'),('online','2024-05-15','S066','PHYS103-1'),('paper based','2024-05-19','S066','PHYS103-2'),('paper based','2024-05-18','S066','PHYS103-3'),('online','2024-05-03','S067','BIO103-1'),('paper based','2024-05-23','S067','BIO103-2'),('online','2024-05-12','S067','BIO103-3'),('paper based','2024-05-21','S067','CHEM103-1'),('paper based','2024-05-05','S067','CHEM103-2'),('online','2024-05-24','S067','CHEM103-3'),('online','2024-05-14','S067','COMP103-1'),('paper based','2024-05-26','S067','COMP103-2'),('paper based','2024-05-27','S067','COMP103-3'),('paper based','2024-05-26','S067','ENG103-1'),('online','2024-05-17','S067','ENG103-2'),('online','2024-05-08','S067','ENG103-3'),('online','2024-05-20','S067','MATH103-1'),('online','2024-05-13','S067','MATH103-2'),('paper based','2024-05-02','S067','MATH103-3'),('paper based','2024-05-04','S067','PHYS103-1'),('paper based','2024-05-13','S067','PHYS103-2'),('paper based','2024-05-20','S067','PHYS103-3'),('paper based','2024-05-30','S068','BIO103-1'),('online','2024-05-28','S068','BIO103-2'),('paper based','2024-05-20','S068','BIO103-3'),('online','2024-05-13','S068','CHEM103-1'),('paper based','2024-05-05','S068','CHEM103-2'),('paper based','2024-05-17','S068','CHEM103-3'),('paper based','2024-05-07','S068','COMP103-1'),('online','2024-05-14','S068','COMP103-2'),('paper based','2024-05-20','S068','COMP103-3'),('paper based','2024-05-24','S068','ENG103-1'),('paper based','2024-05-30','S068','ENG103-2'),('online','2024-05-14','S068','ENG103-3'),('online','2024-05-10','S068','MATH103-1'),('paper based','2024-05-08','S068','MATH103-2'),('paper based','2024-05-09','S068','MATH103-3'),('paper based','2024-05-22','S068','PHYS103-1'),('paper based','2024-05-22','S068','PHYS103-2'),('paper based','2024-05-10','S068','PHYS103-3'),('online','2024-05-13','S069','BIO103-1'),('online','2024-05-05','S069','BIO103-2'),('paper based','2024-05-17','S069','BIO103-3'),('online','2024-05-08','S069','CHEM103-1'),('paper based','2024-05-17','S069','CHEM103-2'),('paper based','2024-05-01','S069','CHEM103-3'),('paper based','2024-05-16','S069','COMP103-1'),('online','2024-05-14','S069','COMP103-2'),('paper based','2024-05-22','S069','COMP103-3'),('paper based','2024-05-05','S069','ENG103-1'),('online','2024-05-19','S069','ENG103-2'),('paper based','2024-05-19','S069','ENG103-3'),('paper based','2024-05-07','S069','MATH103-1'),('online','2024-05-07','S069','MATH103-2'),('online','2024-05-12','S069','MATH103-3'),('online','2024-05-11','S069','PHYS103-1'),('online','2024-05-18','S069','PHYS103-2'),('paper based','2024-05-23','S069','PHYS103-3'),('online','2024-05-31','S070','BIO103-1'),('paper based','2024-05-21','S070','BIO103-2'),('paper based','2024-05-14','S070','BIO103-3'),('online','2024-05-07','S070','CHEM103-1'),('paper based','2024-05-21','S070','CHEM103-2'),('paper based','2024-05-23','S070','CHEM103-3'),('online','2024-05-20','S070','COMP103-1'),('online','2024-05-31','S070','COMP103-2'),('online','2024-05-31','S070','COMP103-3'),('paper based','2024-05-01','S070','ENG103-1'),('paper based','2024-05-03','S070','ENG103-2'),('paper based','2024-05-12','S070','ENG103-3'),('paper based','2024-05-21','S070','MATH103-1'),('paper based','2024-05-05','S070','MATH103-2'),('paper based','2024-05-24','S070','MATH103-3'),('online','2024-05-13','S070','PHYS103-1'),('paper based','2024-05-24','S070','PHYS103-2'),('paper based','2024-05-15','S070','PHYS103-3'),('online','2024-05-06','S071','BIO103-1'),('online','2024-05-14','S071','BIO103-2'),('online','2024-05-19','S071','BIO103-3'),('online','2024-05-22','S071','CHEM103-1'),('online','2024-05-21','S071','CHEM103-2'),('online','2024-05-08','S071','CHEM103-3'),('online','2024-05-07','S071','COMP103-1'),('online','2024-05-13','S071','COMP103-2'),('paper based','2024-05-11','S071','COMP103-3'),('online','2024-05-14','S071','ENG103-1'),('paper based','2024-05-07','S071','ENG103-2'),('paper based','2024-05-25','S071','ENG103-3'),('paper based','2024-05-09','S071','MATH103-1'),('online','2024-05-02','S071','MATH103-2'),('online','2024-05-14','S071','MATH103-3'),('online','2024-05-01','S071','PHYS103-1'),('online','2024-05-23','S071','PHYS103-2'),('online','2024-05-18','S071','PHYS103-3'),('paper based','2024-05-21','S072','BIO103-1'),('paper based','2024-05-21','S072','BIO103-2'),('paper based','2024-05-10','S072','BIO103-3'),('paper based','2024-05-17','S072','CHEM103-1'),('paper based','2024-05-24','S072','CHEM103-2'),('paper based','2024-05-07','S072','CHEM103-3'),('online','2024-05-24','S072','COMP103-1'),('paper based','2024-05-07','S072','COMP103-2'),('online','2024-05-24','S072','COMP103-3'),('paper based','2024-05-07','S072','ENG103-1'),('paper based','2024-05-21','S072','ENG103-2'),('online','2024-05-23','S072','ENG103-3'),('paper based','2024-05-22','S072','MATH103-1'),('online','2024-05-07','S072','MATH103-2'),('paper based','2024-05-02','S072','MATH103-3'),('online','2024-05-18','S072','PHYS103-1'),('paper based','2024-05-20','S072','PHYS103-2'),('online','2024-05-17','S072','PHYS103-3'),('paper based','2024-05-22','S073','BIO103-1'),('paper based','2024-05-27','S073','BIO103-2'),('online','2024-05-09','S073','BIO103-3'),('paper based','2024-05-26','S073','CHEM103-1'),('paper based','2024-05-06','S073','CHEM103-2'),('online','2024-05-17','S073','CHEM103-3'),('online','2024-05-03','S073','COMP103-1'),('paper based','2024-05-27','S073','COMP103-2'),('paper based','2024-05-31','S073','COMP103-3'),('online','2024-05-10','S073','ENG103-1'),('paper based','2024-05-21','S073','ENG103-2'),('online','2024-05-12','S073','ENG103-3'),('online','2024-05-28','S073','MATH103-1'),('online','2024-05-09','S073','MATH103-2'),('paper based','2024-05-24','S073','MATH103-3'),('online','2024-05-29','S073','PHYS103-1'),('paper based','2024-05-12','S073','PHYS103-2'),('paper based','2024-05-02','S073','PHYS103-3'),('paper based','2024-05-04','S074','BIO103-1'),('online','2024-05-13','S074','BIO103-2'),('online','2024-05-24','S074','BIO103-3'),('online','2024-05-18','S074','CHEM103-1'),('paper based','2024-05-16','S074','CHEM103-2'),('online','2024-05-27','S074','CHEM103-3'),('online','2024-05-25','S074','COMP103-1'),('paper based','2024-05-12','S074','COMP103-2'),('paper based','2024-05-14','S074','COMP103-3'),('paper based','2024-05-03','S074','ENG103-1'),('paper based','2024-05-04','S074','ENG103-2'),('paper based','2024-05-12','S074','ENG103-3'),('online','2024-05-17','S074','MATH103-1'),('paper based','2024-05-15','S074','MATH103-2'),('online','2024-05-25','S074','MATH103-3'),('paper based','2024-05-17','S074','PHYS103-1'),('paper based','2024-05-11','S074','PHYS103-2'),('online','2024-05-01','S074','PHYS103-3'),('online','2024-05-02','S075','BIO103-1'),('online','2024-05-06','S075','BIO103-2'),('online','2024-05-24','S075','BIO103-3'),('online','2024-05-07','S075','CHEM103-1'),('paper based','2024-05-26','S075','CHEM103-2'),('online','2024-05-15','S075','CHEM103-3'),('online','2024-05-28','S075','COMP103-1'),('paper based','2024-05-03','S075','COMP103-2'),('online','2024-05-21','S075','COMP103-3'),('online','2024-05-03','S075','ENG103-1'),('paper based','2024-05-14','S075','ENG103-2'),('paper based','2024-05-30','S075','ENG103-3'),('paper based','2024-05-13','S075','MATH103-1'),('paper based','2024-05-08','S075','MATH103-2'),('paper based','2024-05-29','S075','MATH103-3'),('paper based','2024-05-27','S075','PHYS103-1'),('paper based','2024-05-19','S075','PHYS103-2'),('paper based','2024-05-14','S075','PHYS103-3'),('online','2024-05-12','S076','BIO103-1'),('paper based','2024-05-19','S076','BIO103-2'),('online','2024-05-26','S076','BIO103-3'),('online','2024-05-10','S076','CHEM103-1'),('online','2024-05-02','S076','CHEM103-2'),('online','2024-05-12','S076','CHEM103-3'),('online','2024-05-23','S076','COMP103-1'),('online','2024-05-17','S076','COMP103-2'),('online','2024-05-15','S076','COMP103-3'),('paper based','2024-05-22','S076','ENG103-1'),('online','2024-05-05','S076','ENG103-2'),('online','2024-05-19','S076','ENG103-3'),('online','2024-05-16','S076','MATH103-1'),('online','2024-05-23','S076','MATH103-2'),('paper based','2024-05-06','S076','MATH103-3'),('online','2024-05-21','S076','PHYS103-1'),('online','2024-05-23','S076','PHYS103-2'),('paper based','2024-05-22','S076','PHYS103-3'),('paper based','2024-05-11','S077','BIO104-1'),('online','2024-05-20','S077','BIO104-2'),('online','2024-05-05','S077','BIO104-3'),('paper based','2024-05-25','S077','CHEM104-1'),('online','2024-05-17','S077','CHEM104-2'),('paper based','2024-05-11','S077','CHEM104-3'),('paper based','2024-05-31','S077','COMP104-1'),('online','2024-05-01','S077','COMP104-2'),('paper based','2024-05-03','S077','COMP104-3'),('online','2024-05-13','S077','ENG104-1'),('online','2024-05-25','S077','ENG104-2'),('online','2024-05-21','S077','ENG104-3'),('paper based','2024-05-01','S077','MATH104-1'),('online','2024-05-03','S077','MATH104-2'),('online','2024-05-10','S077','MATH104-3'),('online','2024-05-10','S077','PHYS104-1'),('online','2024-05-19','S077','PHYS104-2'),('online','2024-05-03','S077','PHYS104-3'),('online','2024-05-20','S078','BIO104-1'),('paper based','2024-05-26','S078','BIO104-2'),('paper based','2024-05-09','S078','BIO104-3'),('online','2024-05-29','S078','CHEM104-1'),('paper based','2024-05-22','S078','CHEM104-2'),('paper based','2024-05-25','S078','CHEM104-3'),('online','2024-05-25','S078','COMP104-1'),('online','2024-05-20','S078','COMP104-2'),('online','2024-05-24','S078','COMP104-3'),('online','2024-05-31','S078','ENG104-1'),('paper based','2024-05-17','S078','ENG104-2'),('online','2024-05-23','S078','ENG104-3'),('paper based','2024-05-04','S078','MATH104-1'),('online','2024-05-12','S078','MATH104-2'),('online','2024-05-14','S078','MATH104-3'),('paper based','2024-05-05','S078','PHYS104-1'),('online','2024-05-14','S078','PHYS104-2'),('paper based','2024-05-22','S078','PHYS104-3'),('online','2024-05-06','S079','BIO104-1'),('online','2024-05-26','S079','BIO104-2'),('paper based','2024-05-18','S079','BIO104-3'),('paper based','2024-05-10','S079','CHEM104-1'),('online','2024-05-27','S079','CHEM104-2'),('paper based','2024-05-11','S079','CHEM104-3'),('online','2024-05-03','S079','COMP104-1'),('online','2024-05-16','S079','COMP104-2'),('paper based','2024-05-08','S079','COMP104-3'),('paper based','2024-05-20','S079','ENG104-1'),('online','2024-05-15','S079','ENG104-2'),('online','2024-05-14','S079','ENG104-3'),('paper based','2024-05-25','S079','MATH104-1'),('paper based','2024-05-20','S079','MATH104-2'),('online','2024-05-25','S079','MATH104-3'),('paper based','2024-05-04','S079','PHYS104-1'),('online','2024-05-06','S079','PHYS104-2'),('online','2024-05-18','S079','PHYS104-3'),('online','2024-05-08','S080','BIO104-1'),('paper based','2024-05-17','S080','BIO104-2'),('online','2024-05-30','S080','BIO104-3'),('online','2024-05-04','S080','CHEM104-1'),('online','2024-05-24','S080','CHEM104-2'),('paper based','2024-05-14','S080','CHEM104-3'),('online','2024-05-27','S080','COMP104-1'),('paper based','2024-05-31','S080','COMP104-2'),('paper based','2024-05-11','S080','COMP104-3'),('paper based','2024-05-25','S080','ENG104-1'),('online','2024-05-28','S080','ENG104-2'),('paper based','2024-05-05','S080','ENG104-3'),('online','2024-05-31','S080','MATH104-1'),('online','2024-05-17','S080','MATH104-2'),('paper based','2024-05-23','S080','MATH104-3'),('online','2024-05-02','S080','PHYS104-1'),('paper based','2024-05-31','S080','PHYS104-2'),('paper based','2024-05-26','S080','PHYS104-3'),('paper based','2024-05-05','S081','BIO104-1'),('paper based','2024-05-11','S081','BIO104-2'),('paper based','2024-05-05','S081','BIO104-3'),('paper based','2024-05-23','S081','CHEM104-1'),('paper based','2024-05-07','S081','CHEM104-2'),('online','2024-05-26','S081','CHEM104-3'),('paper based','2024-05-17','S081','COMP104-1'),('paper based','2024-05-07','S081','COMP104-2'),('paper based','2024-05-16','S081','COMP104-3'),('paper based','2024-05-25','S081','ENG104-1'),('paper based','2024-05-16','S081','ENG104-2'),('paper based','2024-05-03','S081','ENG104-3'),('paper based','2024-05-28','S081','MATH104-1'),('paper based','2024-05-09','S081','MATH104-2'),('online','2024-05-21','S081','MATH104-3'),('paper based','2024-05-15','S081','PHYS104-1'),('online','2024-05-12','S081','PHYS104-2'),('online','2024-05-14','S081','PHYS104-3'),('online','2024-05-01','S082','BIO104-1'),('paper based','2024-05-26','S082','BIO104-2'),('online','2024-05-03','S082','BIO104-3'),('paper based','2024-05-29','S082','CHEM104-1'),('online','2024-05-13','S082','CHEM104-2'),('online','2024-05-09','S082','CHEM104-3'),('online','2024-05-03','S082','COMP104-1'),('online','2024-05-20','S082','COMP104-2'),('paper based','2024-05-27','S082','COMP104-3'),('online','2024-05-12','S082','ENG104-1'),('paper based','2024-05-11','S082','ENG104-2'),('online','2024-05-18','S082','ENG104-3'),('online','2024-05-26','S082','MATH104-1'),('online','2024-05-14','S082','MATH104-2'),('online','2024-05-20','S082','MATH104-3'),('paper based','2024-05-28','S082','PHYS104-1'),('online','2024-05-19','S082','PHYS104-2'),('online','2024-05-10','S082','PHYS104-3'),('online','2024-05-22','S083','BIO104-1'),('paper based','2024-05-18','S083','BIO104-2'),('online','2024-05-22','S083','BIO104-3'),('paper based','2024-05-27','S083','CHEM104-1'),('online','2024-05-04','S083','CHEM104-2'),('online','2024-05-31','S083','CHEM104-3'),('paper based','2024-05-19','S083','COMP104-1'),('paper based','2024-05-31','S083','COMP104-2'),('online','2024-05-07','S083','COMP104-3'),('online','2024-05-04','S083','ENG104-1'),('online','2024-05-30','S083','ENG104-2'),('online','2024-05-12','S083','ENG104-3'),('online','2024-05-02','S083','MATH104-1'),('online','2024-05-05','S083','MATH104-2'),('online','2024-05-15','S083','MATH104-3'),('paper based','2024-05-01','S083','PHYS104-1'),('online','2024-05-22','S083','PHYS104-2'),('paper based','2024-05-12','S083','PHYS104-3'),('paper based','2024-05-24','S084','BIO104-1'),('online','2024-05-23','S084','BIO104-2'),('online','2024-05-13','S084','BIO104-3'),('paper based','2024-05-23','S084','CHEM104-1'),('online','2024-05-17','S084','CHEM104-2'),('online','2024-05-13','S084','CHEM104-3'),('online','2024-05-13','S084','COMP104-1'),('online','2024-05-25','S084','COMP104-2'),('online','2024-05-26','S084','COMP104-3'),('online','2024-05-22','S084','ENG104-1'),('paper based','2024-05-31','S084','ENG104-2'),('paper based','2024-05-27','S084','ENG104-3'),('paper based','2024-05-11','S084','MATH104-1'),('paper based','2024-05-03','S084','MATH104-2'),('paper based','2024-05-13','S084','MATH104-3'),('online','2024-05-23','S084','PHYS104-1'),('paper based','2024-05-16','S084','PHYS104-2'),('online','2024-05-08','S084','PHYS104-3'),('paper based','2024-05-24','S085','BIO104-1'),('paper based','2024-05-04','S085','BIO104-2'),('online','2024-05-08','S085','BIO104-3'),('paper based','2024-05-29','S085','CHEM104-1'),('online','2024-05-25','S085','CHEM104-2'),('paper based','2024-05-08','S085','CHEM104-3'),('online','2024-05-26','S085','COMP104-1'),('online','2024-05-11','S085','COMP104-2'),('paper based','2024-05-10','S085','COMP104-3'),('online','2024-05-13','S085','ENG104-1'),('paper based','2024-05-07','S085','ENG104-2'),('paper based','2024-05-26','S085','ENG104-3'),('paper based','2024-05-17','S085','MATH104-1'),('online','2024-05-03','S085','MATH104-2'),('paper based','2024-05-28','S085','MATH104-3'),('online','2024-05-08','S085','PHYS104-1'),('online','2024-05-14','S085','PHYS104-2'),('paper based','2024-05-15','S085','PHYS104-3'),('paper based','2024-05-02','S086','BIO104-1'),('paper based','2024-05-28','S086','BIO104-2'),('online','2024-05-11','S086','BIO104-3'),('online','2024-05-29','S086','CHEM104-1'),('paper based','2024-05-20','S086','CHEM104-2'),('paper based','2024-05-13','S086','CHEM104-3'),('online','2024-05-06','S086','COMP104-1'),('paper based','2024-05-19','S086','COMP104-2'),('online','2024-05-15','S086','COMP104-3'),('paper based','2024-05-19','S086','ENG104-1'),('online','2024-05-17','S086','ENG104-2'),('paper based','2024-05-27','S086','ENG104-3'),('online','2024-05-20','S086','MATH104-1'),('online','2024-05-21','S086','MATH104-2'),('online','2024-05-13','S086','MATH104-3'),('paper based','2024-05-03','S086','PHYS104-1'),('online','2024-05-06','S086','PHYS104-2'),('paper based','2024-05-22','S086','PHYS104-3'),('paper based','2024-05-27','S087','BIO104-1'),('paper based','2024-05-08','S087','BIO104-2'),('paper based','2024-05-20','S087','BIO104-3'),('online','2024-05-12','S087','CHEM104-1'),('online','2024-05-03','S087','CHEM104-2'),('online','2024-05-06','S087','CHEM104-3'),('paper based','2024-05-23','S087','COMP104-1'),('paper based','2024-05-03','S087','COMP104-2'),('paper based','2024-05-06','S087','COMP104-3'),('online','2024-05-21','S087','ENG104-1'),('online','2024-05-25','S087','ENG104-2'),('online','2024-05-31','S087','ENG104-3'),('online','2024-05-15','S087','MATH104-1'),('online','2024-05-16','S087','MATH104-2'),('online','2024-05-31','S087','MATH104-3'),('paper based','2024-05-16','S087','PHYS104-1'),('online','2024-05-16','S087','PHYS104-2'),('paper based','2024-05-31','S087','PHYS104-3'),('online','2024-05-16','S088','BIO104-1'),('paper based','2024-05-18','S088','BIO104-2'),('paper based','2024-05-08','S088','BIO104-3'),('online','2024-05-15','S088','CHEM104-1'),('paper based','2024-05-23','S088','CHEM104-2'),('online','2024-05-06','S088','CHEM104-3'),('paper based','2024-05-25','S088','COMP104-1'),('online','2024-05-10','S088','COMP104-2'),('paper based','2024-05-07','S088','COMP104-3'),('online','2024-05-05','S088','ENG104-1'),('online','2024-05-05','S088','ENG104-2'),('online','2024-05-08','S088','ENG104-3'),('online','2024-05-26','S088','MATH104-1'),('paper based','2024-05-14','S088','MATH104-2'),('paper based','2024-05-19','S088','MATH104-3'),('online','2024-05-24','S088','PHYS104-1'),('online','2024-05-29','S088','PHYS104-2'),('paper based','2024-05-12','S088','PHYS104-3'),('online','2024-05-02','S089','BIO104-1'),('online','2024-05-07','S089','BIO104-2'),('paper based','2024-05-26','S089','BIO104-3'),('paper based','2024-05-15','S089','CHEM104-1'),('paper based','2024-05-29','S089','CHEM104-2'),('online','2024-05-07','S089','CHEM104-3'),('paper based','2024-05-10','S089','COMP104-1'),('paper based','2024-05-29','S089','COMP104-2'),('paper based','2024-05-23','S089','COMP104-3'),('online','2024-05-24','S089','ENG104-1'),('online','2024-05-22','S089','ENG104-2'),('online','2024-05-07','S089','ENG104-3'),('online','2024-05-30','S089','MATH104-1'),('online','2024-05-03','S089','MATH104-2'),('paper based','2024-05-18','S089','MATH104-3'),('paper based','2024-05-17','S089','PHYS104-1'),('paper based','2024-05-30','S089','PHYS104-2'),('online','2024-05-07','S089','PHYS104-3'),('paper based','2024-05-06','S090','BIO104-1'),('paper based','2024-05-09','S090','BIO104-2'),('online','2024-05-27','S090','BIO104-3'),('paper based','2024-05-15','S090','CHEM104-1'),('online','2024-05-24','S090','CHEM104-2'),('online','2024-05-12','S090','CHEM104-3'),('paper based','2024-05-18','S090','COMP104-1'),('paper based','2024-05-24','S090','COMP104-2'),('paper based','2024-05-01','S090','COMP104-3'),('paper based','2024-05-26','S090','ENG104-1'),('paper based','2024-05-02','S090','ENG104-2'),('online','2024-05-24','S090','ENG104-3'),('paper based','2024-05-20','S090','MATH104-1'),('online','2024-05-27','S090','MATH104-2'),('paper based','2024-05-15','S090','MATH104-3'),('paper based','2024-05-25','S090','PHYS104-1'),('online','2024-05-17','S090','PHYS104-2'),('paper based','2024-05-10','S090','PHYS104-3'),('online','2024-05-31','S091','BIO104-1'),('online','2024-05-29','S091','BIO104-2'),('paper based','2024-05-23','S091','BIO104-3'),('paper based','2024-05-26','S091','CHEM104-1'),('online','2024-05-31','S091','CHEM104-2'),('online','2024-05-14','S091','CHEM104-3'),('paper based','2024-05-06','S091','COMP104-1'),('online','2024-05-18','S091','COMP104-2'),('paper based','2024-05-11','S091','COMP104-3'),('paper based','2024-05-30','S091','ENG104-1'),('online','2024-05-24','S091','ENG104-2'),('paper based','2024-05-29','S091','ENG104-3'),('paper based','2024-05-12','S091','MATH104-1'),('paper based','2024-05-01','S091','MATH104-2'),('paper based','2024-05-31','S091','MATH104-3'),('paper based','2024-05-26','S091','PHYS104-1'),('online','2024-05-09','S091','PHYS104-2'),('paper based','2024-05-26','S091','PHYS104-3'),('online','2024-05-09','S092','BIO104-1'),('online','2024-05-31','S092','BIO104-2'),('online','2024-05-03','S092','BIO104-3'),('online','2024-05-15','S092','CHEM104-1'),('paper based','2024-05-02','S092','CHEM104-2'),('online','2024-05-28','S092','CHEM104-3'),('paper based','2024-05-08','S092','COMP104-1'),('online','2024-05-16','S092','COMP104-2'),('online','2024-05-28','S092','COMP104-3'),('online','2024-05-28','S092','ENG104-1'),('paper based','2024-05-23','S092','ENG104-2'),('online','2024-05-02','S092','ENG104-3'),('paper based','2024-05-01','S092','MATH104-1'),('paper based','2024-05-29','S092','MATH104-2'),('online','2024-05-19','S092','MATH104-3'),('online','2024-05-06','S092','PHYS104-1'),('paper based','2024-05-02','S092','PHYS104-2'),('paper based','2024-05-24','S092','PHYS104-3'),('paper based','2024-05-22','S093','BIO104-1'),('online','2024-05-07','S093','BIO104-2'),('paper based','2024-05-31','S093','BIO104-3'),('online','2024-05-07','S093','CHEM104-1'),('online','2024-05-05','S093','CHEM104-2'),('paper based','2024-05-04','S093','CHEM104-3'),('online','2024-05-05','S093','COMP104-1'),('paper based','2024-05-13','S093','COMP104-2'),('online','2024-05-18','S093','COMP104-3'),('online','2024-05-19','S093','ENG104-1'),('online','2024-05-08','S093','ENG104-2'),('online','2024-05-16','S093','ENG104-3'),('online','2024-05-25','S093','MATH104-1'),('paper based','2024-05-13','S093','MATH104-2'),('online','2024-05-23','S093','MATH104-3'),('online','2024-05-11','S093','PHYS104-1'),('paper based','2024-05-19','S093','PHYS104-2'),('paper based','2024-05-29','S093','PHYS104-3'),('paper based','2024-05-26','S094','BIO104-1'),('paper based','2024-05-10','S094','BIO104-2'),('paper based','2024-05-03','S094','BIO104-3'),('paper based','2024-05-16','S094','CHEM104-1'),('paper based','2024-05-07','S094','CHEM104-2'),('online','2024-05-20','S094','CHEM104-3'),('paper based','2024-05-16','S094','COMP104-1'),('online','2024-05-21','S094','COMP104-2'),('online','2024-05-22','S094','COMP104-3'),('paper based','2024-05-18','S094','ENG104-1'),('online','2024-05-21','S094','ENG104-2'),('online','2024-05-23','S094','ENG104-3'),('online','2024-05-18','S094','MATH104-1'),('online','2024-05-21','S094','MATH104-2'),('online','2024-05-20','S094','MATH104-3'),('paper based','2024-05-07','S094','PHYS104-1'),('paper based','2024-05-02','S094','PHYS104-2'),('online','2024-05-23','S094','PHYS104-3'),('paper based','2024-05-14','S095','BIO104-1'),('online','2024-05-31','S095','BIO104-2'),('paper based','2024-05-21','S095','BIO104-3'),('online','2024-05-10','S095','CHEM104-1'),('online','2024-05-17','S095','CHEM104-2'),('online','2024-05-25','S095','CHEM104-3'),('paper based','2024-05-11','S095','COMP104-1'),('paper based','2024-05-09','S095','COMP104-2'),('paper based','2024-05-13','S095','COMP104-3'),('paper based','2024-05-08','S095','ENG104-1'),('online','2024-05-30','S095','ENG104-2'),('paper based','2024-05-02','S095','ENG104-3'),('online','2024-05-14','S095','MATH104-1'),('paper based','2024-05-31','S095','MATH104-2'),('paper based','2024-05-21','S095','MATH104-3'),('paper based','2024-05-11','S095','PHYS104-1'),('paper based','2024-05-24','S095','PHYS104-2'),('online','2024-05-22','S095','PHYS104-3'),('paper based','2024-05-08','S096','BIO104-1'),('paper based','2024-05-06','S096','BIO104-2'),('paper based','2024-05-05','S096','BIO104-3'),('online','2024-05-06','S096','CHEM104-1'),('online','2024-05-14','S096','CHEM104-2'),('online','2024-05-19','S096','CHEM104-3'),('online','2024-05-25','S096','COMP104-1'),('online','2024-05-03','S096','COMP104-2'),('online','2024-05-02','S096','COMP104-3'),('online','2024-05-03','S096','ENG104-1'),('online','2024-05-05','S096','ENG104-2'),('paper based','2024-05-16','S096','ENG104-3'),('online','2024-05-02','S096','MATH104-1'),('online','2024-05-22','S096','MATH104-2'),('online','2024-05-13','S096','MATH104-3'),('online','2024-05-27','S096','PHYS104-1'),('online','2024-05-03','S096','PHYS104-2'),('paper based','2024-05-29','S096','PHYS104-3'),('paper based','2024-05-10','S097','BIO104-1'),('online','2024-05-27','S097','BIO104-2'),('paper based','2024-05-08','S097','BIO104-3'),('paper based','2024-05-23','S097','CHEM104-1'),('online','2024-05-27','S097','CHEM104-2'),('paper based','2024-05-03','S097','CHEM104-3'),('paper based','2024-05-27','S097','COMP104-1'),('paper based','2024-05-02','S097','COMP104-2'),('online','2024-05-23','S097','COMP104-3'),('online','2024-05-14','S097','ENG104-1'),('online','2024-05-30','S097','ENG104-2'),('paper based','2024-05-15','S097','ENG104-3'),('online','2024-05-17','S097','MATH104-1'),('online','2024-05-09','S097','MATH104-2'),('online','2024-05-22','S097','MATH104-3'),('online','2024-05-20','S097','PHYS104-1'),('paper based','2024-05-05','S097','PHYS104-2'),('paper based','2024-05-24','S097','PHYS104-3'),('paper based','2024-05-13','S098','BIO104-1'),('online','2024-05-24','S098','BIO104-2'),('online','2024-05-19','S098','BIO104-3'),('online','2024-05-20','S098','CHEM104-1'),('online','2024-05-13','S098','CHEM104-2'),('paper based','2024-05-05','S098','CHEM104-3'),('paper based','2024-05-14','S098','COMP104-1'),('online','2024-05-24','S098','COMP104-2'),('online','2024-05-18','S098','COMP104-3'),('online','2024-05-16','S098','ENG104-1'),('online','2024-05-27','S098','ENG104-2'),('online','2024-05-26','S098','ENG104-3'),('paper based','2024-05-14','S098','MATH104-1'),('paper based','2024-05-24','S098','MATH104-2'),('online','2024-05-15','S098','MATH104-3'),('online','2024-05-01','S098','PHYS104-1'),('paper based','2024-05-21','S098','PHYS104-2'),('paper based','2024-05-11','S098','PHYS104-3'),('online','2024-05-21','S099','BIO104-1'),('paper based','2024-05-08','S099','BIO104-2'),('paper based','2024-05-08','S099','BIO104-3'),('paper based','2024-05-16','S099','CHEM104-1'),('paper based','2024-05-24','S099','CHEM104-2'),('paper based','2024-05-11','S099','CHEM104-3'),('paper based','2024-05-13','S099','COMP104-1'),('online','2024-05-02','S099','COMP104-2'),('online','2024-05-31','S099','COMP104-3'),('online','2024-05-25','S099','ENG104-1'),('online','2024-05-01','S099','ENG104-2'),('paper based','2024-05-24','S099','ENG104-3'),('online','2024-05-22','S099','MATH104-1'),('online','2024-05-09','S099','MATH104-2'),('paper based','2024-05-07','S099','MATH104-3'),('online','2024-05-06','S099','PHYS104-1'),('online','2024-05-12','S099','PHYS104-2'),('online','2024-05-07','S099','PHYS104-3'),('paper based','2024-05-31','S100','BIO104-1'),('online','2024-05-10','S100','BIO104-2'),('paper based','2024-05-19','S100','BIO104-3'),('paper based','2024-05-31','S100','CHEM104-1'),('paper based','2024-05-05','S100','CHEM104-2'),('paper based','2024-05-25','S100','CHEM104-3'),('online','2024-05-18','S100','COMP104-1'),('online','2024-05-13','S100','COMP104-2'),('paper based','2024-05-11','S100','COMP104-3'),('paper based','2024-05-13','S100','ENG104-1'),('online','2024-05-04','S100','ENG104-2'),('online','2024-05-09','S100','ENG104-3'),('paper based','2024-05-03','S100','MATH104-1'),('paper based','2024-05-19','S100','MATH104-2'),('online','2024-05-21','S100','MATH104-3'),('paper based','2024-05-19','S100','PHYS104-1'),('paper based','2024-05-30','S100','PHYS104-2'),('paper based','2024-05-30','S100','PHYS104-3');
/*!40000 ALTER TABLE `submission` ENABLE KEYS */;
UNLOCK TABLES;

--
-- Table structure for table `takeexam`
--

DROP TABLE IF EXISTS `takeexam`;
/*!40101 SET @saved_cs_client     = @@character_set_client */;
/*!40101 SET character_set_client = utf8 */;
CREATE TABLE `takeexam` (
  `Attemps` int(11) DEFAULT NULL,
  `Duration` varchar(10) DEFAULT NULL,
  `S_ID` varchar(10) DEFAULT NULL,
  `EX_ID` varchar(10) DEFAULT NULL,
  KEY `S_ID` (`S_ID`),
  KEY `EX_ID` (`EX_ID`),
  CONSTRAINT `takeexam_ibfk_1` FOREIGN KEY (`S_ID`) REFERENCES `student` (`StudentID`),
  CONSTRAINT `takeexam_ibfk_2` FOREIGN KEY (`EX_ID`) REFERENCES `exam` (`ExamID`)
) ENGINE=InnoDB DEFAULT CHARSET=utf8mb4 COLLATE=utf8mb4_general_ci;
/*!40101 SET character_set_client = @saved_cs_client */;

--
-- Dumping data for table `takeexam`
--

LOCK TABLES `takeexam` WRITE;
/*!40000 ALTER TABLE `takeexam` DISABLE KEYS */;
INSERT INTO `takeexam` VALUES (1,'1 hour','S001','9_BIO101'),(1,'45 minutes','S001','9_CHEM101'),(2,'30 minutes','S001','9_COMP101'),(3,'1 hour 15 ','S001','9_ENG101'),(2,'1 hour','S001','9_MATH101'),(3,'45 minutes','S001','9_PHYS101'),(1,'1 hour','S002','9_BIO101'),(1,'45 minutes','S002','9_CHEM101'),(3,'30 minutes','S002','9_COMP101'),(2,'1 hour 15 ','S002','9_ENG101'),(2,'1 hour','S002','9_MATH101'),(3,'45 minutes','S002','9_PHYS101'),(2,'1 hour','S003','9_BIO101'),(2,'45 minutes','S003','9_CHEM101'),(1,'30 minutes','S003','9_COMP101'),(3,'1 hour 15 ','S003','9_ENG101'),(3,'1 hour','S003','9_MATH101'),(2,'45 minutes','S003','9_PHYS101'),(3,'1 hour','S004','9_BIO101'),(3,'45 minutes','S004','9_CHEM101'),(3,'30 minutes','S004','9_COMP101'),(1,'1 hour 15 ','S004','9_ENG101'),(2,'1 hour','S004','9_MATH101'),(2,'45 minutes','S004','9_PHYS101'),(3,'1 hour','S005','9_BIO101'),(1,'45 minutes','S005','9_CHEM101'),(3,'30 minutes','S005','9_COMP101'),(1,'1 hour 15 ','S005','9_ENG101'),(3,'1 hour','S005','9_MATH101'),(1,'45 minutes','S005','9_PHYS101'),(2,'1 hour','S006','9_BIO101'),(2,'45 minutes','S006','9_CHEM101'),(1,'30 minutes','S006','9_COMP101'),(3,'1 hour 15 ','S006','9_ENG101'),(1,'1 hour','S006','9_MATH101'),(1,'45 minutes','S006','9_PHYS101'),(3,'1 hour','S007','9_BIO101'),(1,'45 minutes','S007','9_CHEM101'),(2,'30 minutes','S007','9_COMP101'),(3,'1 hour 15 ','S007','9_ENG101'),(1,'1 hour','S007','9_MATH101'),(1,'45 minutes','S007','9_PHYS101'),(1,'1 hour','S008','9_BIO101'),(3,'45 minutes','S008','9_CHEM101'),(3,'30 minutes','S008','9_COMP101'),(2,'1 hour 15 ','S008','9_ENG101'),(2,'1 hour','S008','9_MATH101'),(3,'45 minutes','S008','9_PHYS101'),(2,'1 hour','S009','9_BIO101'),(1,'45 minutes','S009','9_CHEM101'),(2,'30 minutes','S009','9_COMP101'),(2,'1 hour 15 ','S009','9_ENG101'),(1,'1 hour','S009','9_MATH101'),(2,'45 minutes','S009','9_PHYS101'),(2,'1 hour','S010','9_BIO101'),(1,'45 minutes','S010','9_CHEM101'),(2,'30 minutes','S010','9_COMP101'),(1,'1 hour 15 ','S010','9_ENG101'),(2,'1 hour','S010','9_MATH101'),(1,'45 minutes','S010','9_PHYS101'),(3,'1 hour','S011','9_BIO101'),(1,'45 minutes','S011','9_CHEM101'),(2,'30 minutes','S011','9_COMP101'),(1,'1 hour 15 ','S011','9_ENG101'),(3,'1 hour','S011','9_MATH101'),(2,'45 minutes','S011','9_PHYS101'),(2,'1 hour','S012','9_BIO101'),(3,'45 minutes','S012','9_CHEM101'),(3,'30 minutes','S012','9_COMP101'),(3,'1 hour 15 ','S012','9_ENG101'),(3,'1 hour','S012','9_MATH101'),(3,'45 minutes','S012','9_PHYS101'),(1,'1 hour','S013','9_BIO101'),(2,'45 minutes','S013','9_CHEM101'),(1,'30 minutes','S013','9_COMP101'),(1,'1 hour 15 ','S013','9_ENG101'),(2,'1 hour','S013','9_MATH101'),(1,'45 minutes','S013','9_PHYS101'),(1,'1 hour','S014','9_BIO101'),(1,'45 minutes','S014','9_CHEM101'),(1,'30 minutes','S014','9_COMP101'),(2,'1 hour 15 ','S014','9_ENG101'),(1,'1 hour','S014','9_MATH101'),(3,'45 minutes','S014','9_PHYS101'),(3,'1 hour','S015','9_BIO101'),(1,'45 minutes','S015','9_CHEM101'),(1,'30 minutes','S015','9_COMP101'),(1,'1 hour 15 ','S015','9_ENG101'),(2,'1 hour','S015','9_MATH101'),(1,'45 minutes','S015','9_PHYS101'),(1,'1 hour','S016','9_BIO101'),(3,'45 minutes','S016','9_CHEM101'),(1,'30 minutes','S016','9_COMP101'),(2,'1 hour 15 ','S016','9_ENG101'),(2,'1 hour','S016','9_MATH101'),(3,'45 minutes','S016','9_PHYS101'),(2,'1 hour','S017','9_BIO101'),(1,'45 minutes','S017','9_CHEM101'),(3,'30 minutes','S017','9_COMP101'),(2,'1 hour 15 ','S017','9_ENG101'),(2,'1 hour','S017','9_MATH101'),(1,'45 minutes','S017','9_PHYS101'),(1,'1 hour','S018','9_BIO101'),(3,'45 minutes','S018','9_CHEM101'),(3,'30 minutes','S018','9_COMP101'),(1,'1 hour 15 ','S018','9_ENG101'),(1,'1 hour','S018','9_MATH101'),(1,'45 minutes','S018','9_PHYS101'),(1,'1 hour','S019','9_BIO101'),(1,'45 minutes','S019','9_CHEM101'),(1,'30 minutes','S019','9_COMP101'),(2,'1 hour 15 ','S019','9_ENG101'),(1,'1 hour','S019','9_MATH101'),(3,'45 minutes','S019','9_PHYS101'),(3,'1 hour','S020','9_BIO101'),(3,'45 minutes','S020','9_CHEM101'),(3,'30 minutes','S020','9_COMP101'),(1,'1 hour 15 ','S020','9_ENG101'),(3,'1 hour','S020','9_MATH101'),(2,'45 minutes','S020','9_PHYS101'),(2,'1 hour','S021','9_BIO101'),(1,'45 minutes','S021','9_CHEM101'),(3,'30 minutes','S021','9_COMP101'),(1,'1 hour 15 ','S021','9_ENG101'),(1,'1 hour','S021','9_MATH101'),(3,'45 minutes','S021','9_PHYS101'),(1,'1 hour','S022','9_BIO101'),(1,'45 minutes','S022','9_CHEM101'),(3,'30 minutes','S022','9_COMP101'),(1,'1 hour 15 ','S022','9_ENG101'),(3,'1 hour','S022','9_MATH101'),(3,'45 minutes','S022','9_PHYS101'),(3,'1 hour','S023','9_BIO101'),(2,'45 minutes','S023','9_CHEM101'),(2,'30 minutes','S023','9_COMP101'),(2,'1 hour 15 ','S023','9_ENG101'),(1,'1 hour','S023','9_MATH101'),(3,'45 minutes','S023','9_PHYS101'),(1,'1 hour','S024','9_BIO101'),(3,'45 minutes','S024','9_CHEM101'),(1,'30 minutes','S024','9_COMP101'),(2,'1 hour 15 ','S024','9_ENG101'),(3,'1 hour','S024','9_MATH101'),(3,'45 minutes','S024','9_PHYS101'),(1,'1 hour','S025','9_BIO101'),(3,'45 minutes','S025','9_CHEM101'),(3,'30 minutes','S025','9_COMP101'),(2,'1 hour 15 ','S025','9_ENG101'),(3,'1 hour','S025','9_MATH101'),(1,'45 minutes','S025','9_PHYS101'),(3,'1 hour','S026','9_BIO101'),(3,'45 minutes','S026','9_CHEM101'),(1,'30 minutes','S026','9_COMP101'),(2,'1 hour 15 ','S026','9_ENG101'),(1,'1 hour','S026','9_MATH101'),(2,'45 minutes','S026','9_PHYS101'),(3,'1 hour','S027','10_BIO102'),(1,'45 minutes','S027','10_CHEM102'),(2,'30 minutes','S027','10_COMP102'),(2,'1 hour 15 ','S027','10_ENG102'),(2,'1 hour','S027','10_MATH102'),(3,'45 minutes','S027','10_PHYS102'),(3,'1 hour','S028','10_BIO102'),(1,'45 minutes','S028','10_CHEM102'),(3,'30 minutes','S028','10_COMP102'),(2,'1 hour 15 ','S028','10_ENG102'),(3,'1 hour','S028','10_MATH102'),(1,'45 minutes','S028','10_PHYS102'),(3,'1 hour','S029','10_BIO102'),(2,'45 minutes','S029','10_CHEM102'),(1,'30 minutes','S029','10_COMP102'),(3,'1 hour 15 ','S029','10_ENG102'),(1,'1 hour','S029','10_MATH102'),(3,'45 minutes','S029','10_PHYS102'),(3,'1 hour','S030','10_BIO102'),(2,'45 minutes','S030','10_CHEM102'),(2,'30 minutes','S030','10_COMP102'),(3,'1 hour 15 ','S030','10_ENG102'),(1,'1 hour','S030','10_MATH102'),(1,'45 minutes','S030','10_PHYS102'),(3,'1 hour','S031','10_BIO102'),(1,'45 minutes','S031','10_CHEM102'),(1,'30 minutes','S031','10_COMP102'),(2,'1 hour 15 ','S031','10_ENG102'),(1,'1 hour','S031','10_MATH102'),(3,'45 minutes','S031','10_PHYS102'),(1,'1 hour','S032','10_BIO102'),(1,'45 minutes','S032','10_CHEM102'),(1,'30 minutes','S032','10_COMP102'),(2,'1 hour 15 ','S032','10_ENG102'),(2,'1 hour','S032','10_MATH102'),(2,'45 minutes','S032','10_PHYS102'),(2,'1 hour','S033','10_BIO102'),(3,'45 minutes','S033','10_CHEM102'),(3,'30 minutes','S033','10_COMP102'),(3,'1 hour 15 ','S033','10_ENG102'),(1,'1 hour','S033','10_MATH102'),(1,'45 minutes','S033','10_PHYS102'),(2,'1 hour','S034','10_BIO102'),(1,'45 minutes','S034','10_CHEM102'),(2,'30 minutes','S034','10_COMP102'),(3,'1 hour 15 ','S034','10_ENG102'),(2,'1 hour','S034','10_MATH102'),(3,'45 minutes','S034','10_PHYS102'),(1,'1 hour','S035','10_BIO102'),(2,'45 minutes','S035','10_CHEM102'),(1,'30 minutes','S035','10_COMP102'),(3,'1 hour 15 ','S035','10_ENG102'),(2,'1 hour','S035','10_MATH102'),(1,'45 minutes','S035','10_PHYS102'),(2,'1 hour','S036','10_BIO102'),(2,'45 minutes','S036','10_CHEM102'),(3,'30 minutes','S036','10_COMP102'),(2,'1 hour 15 ','S036','10_ENG102'),(3,'1 hour','S036','10_MATH102'),(3,'45 minutes','S036','10_PHYS102'),(3,'1 hour','S037','10_BIO102'),(2,'45 minutes','S037','10_CHEM102'),(1,'30 minutes','S037','10_COMP102'),(3,'1 hour 15 ','S037','10_ENG102'),(1,'1 hour','S037','10_MATH102'),(3,'45 minutes','S037','10_PHYS102'),(2,'1 hour','S038','10_BIO102'),(2,'45 minutes','S038','10_CHEM102'),(2,'30 minutes','S038','10_COMP102'),(3,'1 hour 15 ','S038','10_ENG102'),(3,'1 hour','S038','10_MATH102'),(2,'45 minutes','S038','10_PHYS102'),(1,'1 hour','S039','10_BIO102'),(1,'45 minutes','S039','10_CHEM102'),(3,'30 minutes','S039','10_COMP102'),(1,'1 hour 15 ','S039','10_ENG102'),(1,'1 hour','S039','10_MATH102'),(1,'45 minutes','S039','10_PHYS102'),(2,'1 hour','S040','10_BIO102'),(2,'45 minutes','S040','10_CHEM102'),(3,'30 minutes','S040','10_COMP102'),(1,'1 hour 15 ','S040','10_ENG102'),(1,'1 hour','S040','10_MATH102'),(3,'45 minutes','S040','10_PHYS102'),(2,'1 hour','S041','10_BIO102'),(1,'45 minutes','S041','10_CHEM102'),(2,'30 minutes','S041','10_COMP102'),(2,'1 hour 15 ','S041','10_ENG102'),(3,'1 hour','S041','10_MATH102'),(2,'45 minutes','S041','10_PHYS102'),(2,'1 hour','S042','10_BIO102'),(2,'45 minutes','S042','10_CHEM102'),(3,'30 minutes','S042','10_COMP102'),(1,'1 hour 15 ','S042','10_ENG102'),(3,'1 hour','S042','10_MATH102'),(3,'45 minutes','S042','10_PHYS102'),(1,'1 hour','S043','10_BIO102'),(3,'45 minutes','S043','10_CHEM102'),(2,'30 minutes','S043','10_COMP102'),(1,'1 hour 15 ','S043','10_ENG102'),(3,'1 hour','S043','10_MATH102'),(3,'45 minutes','S043','10_PHYS102'),(3,'1 hour','S044','10_BIO102'),(1,'45 minutes','S044','10_CHEM102'),(1,'30 minutes','S044','10_COMP102'),(3,'1 hour 15 ','S044','10_ENG102'),(1,'1 hour','S044','10_MATH102'),(1,'45 minutes','S044','10_PHYS102'),(3,'1 hour','S045','10_BIO102'),(1,'45 minutes','S045','10_CHEM102'),(3,'30 minutes','S045','10_COMP102'),(3,'1 hour 15 ','S045','10_ENG102'),(1,'1 hour','S045','10_MATH102'),(1,'45 minutes','S045','10_PHYS102'),(1,'1 hour','S046','10_BIO102'),(2,'45 minutes','S046','10_CHEM102'),(3,'30 minutes','S046','10_COMP102'),(1,'1 hour 15 ','S046','10_ENG102'),(3,'1 hour','S046','10_MATH102'),(1,'45 minutes','S046','10_PHYS102'),(3,'1 hour','S047','10_BIO102'),(2,'45 minutes','S047','10_CHEM102'),(3,'30 minutes','S047','10_COMP102'),(2,'1 hour 15 ','S047','10_ENG102'),(1,'1 hour','S047','10_MATH102'),(3,'45 minutes','S047','10_PHYS102'),(1,'1 hour','S048','10_BIO102'),(1,'45 minutes','S048','10_CHEM102'),(3,'30 minutes','S048','10_COMP102'),(1,'1 hour 15 ','S048','10_ENG102'),(2,'1 hour','S048','10_MATH102'),(3,'45 minutes','S048','10_PHYS102'),(1,'1 hour','S049','10_BIO102'),(1,'45 minutes','S049','10_CHEM102'),(2,'30 minutes','S049','10_COMP102'),(2,'1 hour 15 ','S049','10_ENG102'),(2,'1 hour','S049','10_MATH102'),(1,'45 minutes','S049','10_PHYS102'),(2,'1 hour','S050','10_BIO102'),(2,'45 minutes','S050','10_CHEM102'),(3,'30 minutes','S050','10_COMP102'),(3,'1 hour 15 ','S050','10_ENG102'),(3,'1 hour','S050','10_MATH102'),(2,'45 minutes','S050','10_PHYS102'),(3,'1 hour','S051','10_BIO102'),(1,'45 minutes','S051','10_CHEM102'),(1,'30 minutes','S051','10_COMP102'),(1,'1 hour 15 ','S051','10_ENG102'),(2,'1 hour','S051','10_MATH102'),(1,'45 minutes','S051','10_PHYS102'),(1,'1 hour','S052','10_BIO102'),(3,'45 minutes','S052','10_CHEM102'),(1,'30 minutes','S052','10_COMP102'),(3,'1 hour 15 ','S052','10_ENG102'),(3,'1 hour','S052','10_MATH102'),(1,'45 minutes','S052','10_PHYS102'),(2,'1 hour','S053','11_BIO103'),(3,'45 minutes','S053','11_CHEM103'),(1,'30 minutes','S053','11_COMP103'),(2,'1 hour 15 ','S053','11_ENG103'),(2,'1 hour','S053','11_MATH103'),(2,'45 minutes','S053','11_PHYS103'),(2,'1 hour','S054','11_BIO103'),(1,'45 minutes','S054','11_CHEM103'),(3,'30 minutes','S054','11_COMP103'),(1,'1 hour 15 ','S054','11_ENG103'),(3,'1 hour','S054','11_MATH103'),(3,'45 minutes','S054','11_PHYS103'),(1,'1 hour','S055','11_BIO103'),(3,'45 minutes','S055','11_CHEM103'),(1,'30 minutes','S055','11_COMP103'),(3,'1 hour 15 ','S055','11_ENG103'),(1,'1 hour','S055','11_MATH103'),(3,'45 minutes','S055','11_PHYS103'),(2,'1 hour','S056','11_BIO103'),(1,'45 minutes','S056','11_CHEM103'),(1,'30 minutes','S056','11_COMP103'),(2,'1 hour 15 ','S056','11_ENG103'),(1,'1 hour','S056','11_MATH103'),(1,'45 minutes','S056','11_PHYS103'),(3,'1 hour','S057','11_BIO103'),(2,'45 minutes','S057','11_CHEM103'),(3,'30 minutes','S057','11_COMP103'),(1,'1 hour 15 ','S057','11_ENG103'),(2,'1 hour','S057','11_MATH103'),(3,'45 minutes','S057','11_PHYS103'),(1,'1 hour','S058','11_BIO103'),(3,'45 minutes','S058','11_CHEM103'),(2,'30 minutes','S058','11_COMP103'),(3,'1 hour 15 ','S058','11_ENG103'),(2,'1 hour','S058','11_MATH103'),(3,'45 minutes','S058','11_PHYS103'),(3,'1 hour','S059','11_BIO103'),(1,'45 minutes','S059','11_CHEM103'),(2,'30 minutes','S059','11_COMP103'),(2,'1 hour 15 ','S059','11_ENG103'),(2,'1 hour','S059','11_MATH103'),(1,'45 minutes','S059','11_PHYS103'),(3,'1 hour','S060','11_BIO103'),(3,'45 minutes','S060','11_CHEM103'),(1,'30 minutes','S060','11_COMP103'),(2,'1 hour 15 ','S060','11_ENG103'),(3,'1 hour','S060','11_MATH103'),(1,'45 minutes','S060','11_PHYS103'),(3,'1 hour','S061','11_BIO103'),(1,'45 minutes','S061','11_CHEM103'),(1,'30 minutes','S061','11_COMP103'),(3,'1 hour 15 ','S061','11_ENG103'),(3,'1 hour','S061','11_MATH103'),(1,'45 minutes','S061','11_PHYS103'),(2,'1 hour','S062','11_BIO103'),(2,'45 minutes','S062','11_CHEM103'),(1,'30 minutes','S062','11_COMP103'),(1,'1 hour 15 ','S062','11_ENG103'),(1,'1 hour','S062','11_MATH103'),(3,'45 minutes','S062','11_PHYS103'),(2,'1 hour','S063','11_BIO103'),(1,'45 minutes','S063','11_CHEM103'),(3,'30 minutes','S063','11_COMP103'),(3,'1 hour 15 ','S063','11_ENG103'),(2,'1 hour','S063','11_MATH103'),(1,'45 minutes','S063','11_PHYS103'),(3,'1 hour','S064','11_BIO103'),(3,'45 minutes','S064','11_CHEM103'),(1,'30 minutes','S064','11_COMP103'),(2,'1 hour 15 ','S064','11_ENG103'),(1,'1 hour','S064','11_MATH103'),(2,'45 minutes','S064','11_PHYS103'),(2,'1 hour','S065','11_BIO103'),(1,'45 minutes','S065','11_CHEM103'),(3,'30 minutes','S065','11_COMP103'),(3,'1 hour 15 ','S065','11_ENG103'),(1,'1 hour','S065','11_MATH103'),(2,'45 minutes','S065','11_PHYS103'),(3,'1 hour','S066','11_BIO103'),(1,'45 minutes','S066','11_CHEM103'),(2,'30 minutes','S066','11_COMP103'),(3,'1 hour 15 ','S066','11_ENG103'),(3,'1 hour','S066','11_MATH103'),(2,'45 minutes','S066','11_PHYS103'),(1,'1 hour','S067','11_BIO103'),(1,'45 minutes','S067','11_CHEM103'),(3,'30 minutes','S067','11_COMP103'),(3,'1 hour 15 ','S067','11_ENG103'),(3,'1 hour','S067','11_MATH103'),(2,'45 minutes','S067','11_PHYS103'),(2,'1 hour','S068','11_BIO103'),(1,'45 minutes','S068','11_CHEM103'),(1,'30 minutes','S068','11_COMP103'),(3,'1 hour 15 ','S068','11_ENG103'),(2,'1 hour','S068','11_MATH103'),(3,'45 minutes','S068','11_PHYS103'),(3,'1 hour','S069','11_BIO103'),(2,'45 minutes','S069','11_CHEM103'),(1,'30 minutes','S069','11_COMP103'),(3,'1 hour 15 ','S069','11_ENG103'),(1,'1 hour','S069','11_MATH103'),(3,'45 minutes','S069','11_PHYS103'),(3,'1 hour','S070','11_BIO103'),(3,'45 minutes','S070','11_CHEM103'),(1,'30 minutes','S070','11_COMP103'),(3,'1 hour 15 ','S070','11_ENG103'),(1,'1 hour','S070','11_MATH103'),(2,'45 minutes','S070','11_PHYS103'),(2,'1 hour','S071','11_BIO103'),(2,'45 minutes','S071','11_CHEM103'),(2,'30 minutes','S071','11_COMP103'),(3,'1 hour 15 ','S071','11_ENG103'),(2,'1 hour','S071','11_MATH103'),(1,'45 minutes','S071','11_PHYS103'),(3,'1 hour','S072','11_BIO103'),(1,'45 minutes','S072','11_CHEM103'),(3,'30 minutes','S072','11_COMP103'),(2,'1 hour 15 ','S072','11_ENG103'),(2,'1 hour','S072','11_MATH103'),(2,'45 minutes','S072','11_PHYS103'),(3,'1 hour','S073','11_BIO103'),(1,'45 minutes','S073','11_CHEM103'),(3,'30 minutes','S073','11_COMP103'),(3,'1 hour 15 ','S073','11_ENG103'),(2,'1 hour','S073','11_MATH103'),(1,'45 minutes','S073','11_PHYS103'),(2,'1 hour','S074','11_BIO103'),(2,'45 minutes','S074','11_CHEM103'),(3,'30 minutes','S074','11_COMP103'),(1,'1 hour 15 ','S074','11_ENG103'),(2,'1 hour','S074','11_MATH103'),(3,'45 minutes','S074','11_PHYS103'),(3,'1 hour','S075','11_BIO103'),(1,'45 minutes','S075','11_CHEM103'),(1,'30 minutes','S075','11_COMP103'),(3,'1 hour 15 ','S075','11_ENG103'),(2,'1 hour','S075','11_MATH103'),(3,'45 minutes','S075','11_PHYS103'),(1,'1 hour','S076','11_BIO103'),(2,'45 minutes','S076','11_CHEM103'),(3,'30 minutes','S076','11_COMP103'),(2,'1 hour 15 ','S076','11_ENG103'),(2,'1 hour','S076','11_MATH103'),(3,'45 minutes','S076','11_PHYS103'),(2,'1 hour','S077','12_BIO104'),(2,'45 minutes','S077','12_CHEM104'),(3,'30 minutes','S077','12_COMP104'),(2,'1 hour 15 ','S077','12_ENG104'),(2,'1 hour','S077','12_MATH104'),(1,'45 minutes','S077','12_PHYS104'),(1,'1 hour','S078','12_BIO104'),(1,'45 minutes','S078','12_CHEM104'),(3,'30 minutes','S078','12_COMP104'),(2,'1 hour 15 ','S078','12_ENG104'),(3,'1 hour','S078','12_MATH104'),(1,'45 minutes','S078','12_PHYS104'),(2,'1 hour','S079','12_BIO104'),(2,'45 minutes','S079','12_CHEM104'),(2,'30 minutes','S079','12_COMP104'),(1,'1 hour 15 ','S079','12_ENG104'),(1,'1 hour','S079','12_MATH104'),(3,'45 minutes','S079','12_PHYS104'),(2,'1 hour','S080','12_BIO104'),(2,'45 minutes','S080','12_CHEM104'),(2,'30 minutes','S080','12_COMP104'),(1,'1 hour 15 ','S080','12_ENG104'),(3,'1 hour','S080','12_MATH104'),(1,'45 minutes','S080','12_PHYS104'),(1,'1 hour','S081','12_BIO104'),(2,'45 minutes','S081','12_CHEM104'),(1,'30 minutes','S081','12_COMP104'),(2,'1 hour 15 ','S081','12_ENG104'),(2,'1 hour','S081','12_MATH104'),(2,'45 minutes','S081','12_PHYS104'),(3,'1 hour','S082','12_BIO104'),(1,'45 minutes','S082','12_CHEM104'),(3,'30 minutes','S082','12_COMP104'),(1,'1 hour 15 ','S082','12_ENG104'),(1,'1 hour','S082','12_MATH104'),(1,'45 minutes','S082','12_PHYS104'),(3,'1 hour','S083','12_BIO104'),(1,'45 minutes','S083','12_CHEM104'),(3,'30 minutes','S083','12_COMP104'),(3,'1 hour 15 ','S083','12_ENG104'),(3,'1 hour','S083','12_MATH104'),(1,'45 minutes','S083','12_PHYS104'),(1,'1 hour','S084','12_BIO104'),(2,'45 minutes','S084','12_CHEM104'),(3,'30 minutes','S084','12_COMP104'),(3,'1 hour 15 ','S084','12_ENG104'),(3,'1 hour','S084','12_MATH104'),(1,'45 minutes','S084','12_PHYS104'),(1,'1 hour','S085','12_BIO104'),(3,'45 minutes','S085','12_CHEM104'),(2,'30 minutes','S085','12_COMP104'),(2,'1 hour 15 ','S085','12_ENG104'),(2,'1 hour','S085','12_MATH104'),(3,'45 minutes','S085','12_PHYS104'),(1,'1 hour','S086','12_BIO104'),(1,'45 minutes','S086','12_CHEM104'),(3,'30 minutes','S086','12_COMP104'),(3,'1 hour 15 ','S086','12_ENG104'),(1,'1 hour','S086','12_MATH104'),(1,'45 minutes','S086','12_PHYS104'),(3,'1 hour','S087','12_BIO104'),(1,'45 minutes','S087','12_CHEM104'),(2,'30 minutes','S087','12_COMP104'),(2,'1 hour 15 ','S087','12_ENG104'),(2,'1 hour','S087','12_MATH104'),(1,'45 minutes','S087','12_PHYS104'),(1,'1 hour','S088','12_BIO104'),(2,'45 minutes','S088','12_CHEM104'),(1,'30 minutes','S088','12_COMP104'),(2,'1 hour 15 ','S088','12_ENG104'),(1,'1 hour','S088','12_MATH104'),(1,'45 minutes','S088','12_PHYS104'),(3,'1 hour','S089','12_BIO104'),(3,'45 minutes','S089','12_CHEM104'),(2,'30 minutes','S089','12_COMP104'),(2,'1 hour 15 ','S089','12_ENG104'),(3,'1 hour','S089','12_MATH104'),(2,'45 minutes','S089','12_PHYS104'),(2,'1 hour','S090','12_BIO104'),(1,'45 minutes','S090','12_CHEM104'),(3,'30 minutes','S090','12_COMP104'),(3,'1 hour 15 ','S090','12_ENG104'),(2,'1 hour','S090','12_MATH104'),(1,'45 minutes','S090','12_PHYS104'),(2,'1 hour','S091','12_BIO104'),(3,'45 minutes','S091','12_CHEM104'),(2,'30 minutes','S091','12_COMP104'),(1,'1 hour 15 ','S091','12_ENG104'),(2,'1 hour','S091','12_MATH104'),(2,'45 minutes','S091','12_PHYS104'),(3,'1 hour','S092','12_BIO104'),(2,'45 minutes','S092','12_CHEM104'),(1,'30 minutes','S092','12_COMP104'),(2,'1 hour 15 ','S092','12_ENG104'),(3,'1 hour','S092','12_MATH104'),(2,'45 minutes','S092','12_PHYS104'),(1,'1 hour','S093','12_BIO104'),(1,'45 minutes','S093','12_CHEM104'),(1,'30 minutes','S093','12_COMP104'),(3,'1 hour 15 ','S093','12_ENG104'),(1,'1 hour','S093','12_MATH104'),(1,'45 minutes','S093','12_PHYS104'),(3,'1 hour','S094','12_BIO104'),(2,'45 minutes','S094','12_CHEM104'),(2,'30 minutes','S094','12_COMP104'),(3,'1 hour 15 ','S094','12_ENG104'),(3,'1 hour','S094','12_MATH104'),(3,'45 minutes','S094','12_PHYS104'),(1,'1 hour','S095','12_BIO104'),(1,'45 minutes','S095','12_CHEM104'),(2,'30 minutes','S095','12_COMP104'),(1,'1 hour 15 ','S095','12_ENG104'),(2,'1 hour','S095','12_MATH104'),(2,'45 minutes','S095','12_PHYS104'),(2,'1 hour','S096','12_BIO104'),(1,'45 minutes','S096','12_CHEM104'),(2,'30 minutes','S096','12_COMP104'),(3,'1 hour 15 ','S096','12_ENG104'),(1,'1 hour','S096','12_MATH104'),(1,'45 minutes','S096','12_PHYS104'),(1,'1 hour','S097','12_BIO104'),(2,'45 minutes','S097','12_CHEM104'),(3,'30 minutes','S097','12_COMP104'),(1,'1 hour 15 ','S097','12_ENG104'),(3,'1 hour','S097','12_MATH104'),(3,'45 minutes','S097','12_PHYS104'),(1,'1 hour','S098','12_BIO104'),(2,'45 minutes','S098','12_CHEM104'),(2,'30 minutes','S098','12_COMP104'),(1,'1 hour 15 ','S098','12_ENG104'),(2,'1 hour','S098','12_MATH104'),(2,'45 minutes','S098','12_PHYS104'),(2,'1 hour','S099','12_BIO104'),(2,'45 minutes','S099','12_CHEM104'),(3,'30 minutes','S099','12_COMP104'),(3,'1 hour 15 ','S099','12_ENG104'),(2,'1 hour','S099','12_MATH104'),(3,'45 minutes','S099','12_PHYS104'),(1,'1 hour','S100','12_BIO104'),(3,'45 minutes','S100','12_CHEM104'),(3,'30 minutes','S100','12_COMP104'),(3,'1 hour 15 ','S100','12_ENG104'),(1,'1 hour','S100','12_MATH104'),(3,'45 minutes','S100','12_PHYS104');
/*!40000 ALTER TABLE `takeexam` ENABLE KEYS */;
UNLOCK TABLES;

--
-- Table structure for table `teaches`
--

DROP TABLE IF EXISTS `teaches`;
/*!40101 SET @saved_cs_client     = @@character_set_client */;
/*!40101 SET character_set_client = utf8 */;
CREATE TABLE `teaches` (
  `material` varchar(50) DEFAULT NULL,
  `T_ID` varchar(10) DEFAULT NULL,
  `Subj_ID` varchar(10) DEFAULT NULL,
  KEY `T_ID` (`T_ID`),
  KEY `Subj_ID` (`Subj_ID`),
  CONSTRAINT `teaches_ibfk_1` FOREIGN KEY (`T_ID`) REFERENCES `employee` (`EmployeeID`),
  CONSTRAINT `teaches_ibfk_2` FOREIGN KEY (`Subj_ID`) REFERENCES `subject` (`SubjectID`)
) ENGINE=InnoDB DEFAULT CHARSET=utf8mb4 COLLATE=utf8mb4_general_ci;
/*!40101 SET character_set_client = @saved_cs_client */;

--
-- Dumping data for table `teaches`
--

LOCK TABLES `teaches` WRITE;
/*!40000 ALTER TABLE `teaches` DISABLE KEYS */;
INSERT INTO `teaches` VALUES ('Chapter 1: Introduction to Algebra','T001','MATH101'),('Chapter 2: Basic Geometry Concepts','T001','MATH101'),('Chapter 3: Understanding Fractions and Decimals','T001','MATH101'),('Chapter 1: Introduction to Literature','T002','ENG101'),('Chapter 2: Basics of Reading and Comprehension','T002','ENG101'),('Chapter 3: Grammar and Writing Skills','T002','ENG101'),('Chapter 1: Introduction to Mechanics','T003','PHYS101'),('Chapter 2: Understanding Forces and Motion','T003','PHYS101'),('Chapter 3: Energy and Momentum','T003','PHYS101'),('Chapter 1: Introduction to Cells','T004','BIO101'),('Chapter 2: Basic Genetics','T004','BIO101'),('Chapter 3: Diversity of Life','T004','BIO101'),('Chapter 1: Introduction to Matter','T005','CHEM101'),('Chapter 2: Atomic Structure and Periodic Table','T005','CHEM101'),('Chapter 3: Chemical Bonding','T005','CHEM101'),('Chapter 1: Introduction to Programming','T006','COMP101'),('Chapter 2: Variables and Data Types','T006','COMP101'),('Chapter 3: Conditional Statements and Loops','T006','COMP101'),('Chapter 1: Algebraic Expressions and Equations','T007','MATH102'),('Chapter 2: Graphs of Linear Equations','T007','MATH102'),('Chapter 3: Quadratic Functions and Equations','T007','MATH102'),('Chapter 1: Reading Strategies and Analysis','T008','ENG102'),('Chapter 2: Literary Elements and Techniques','T008','ENG102'),('Chapter 3: Writing Essays and Reports','T008','ENG102'),('Chapter 1: Kinematics and Dynamics','T009','PHYS102'),('Chapter 2: Circular Motion and Gravitation','T009','PHYS102'),('Chapter 3: Work, Energy, and Power','T009','PHYS102'),('Chapter 1: Cellular Respiration and Photosynthesis','T010','BIO102'),('Chapter 2: Genetics and Heredity','T010','BIO102'),('Chapter 3: Evolution and Natural Selection','T010','BIO102'),('Chapter 1: Chemical Kinetics and Equilibrium','T011','CHEM102'),('Chapter 2: Acids, Bases, and pH','T011','CHEM102'),('Chapter 3: Oxidation-Reduction Reactions','T011','CHEM102'),('Chapter 1: Object-Oriented Programming','T012','COMP102'),('Chapter 2: Data Structures and Algorithms','T012','COMP102'),('Chapter 3: File Handling and Exception Handling','T012','COMP102'),('Chapter 1: Introduction to Differential Equations','T013','MATH103'),('Chapter 2: First-Order Differential Equations','T013','MATH103'),('Chapter 3: Second-Order Differential Equations','T013','MATH103'),('Chapter 1: Introduction to Shakespearean Literatur','T014','ENG103'),('Chapter 2: Analysis of Hamlet','T014','ENG103'),('Chapter 3: Themes in Romeo and Juliet','T014','ENG103'),('Chapter 1: Introduction to Astrophysics','T015','PHYS103'),('Chapter 2: Overview of Particle Physics','T015','PHYS103'),('Chapter 3: Quantum Mechanics Fundamentals','T015','PHYS103'),('Chapter 1: Introduction to Neuroscience','T016','BIO103'),('Chapter 2: Genomics and Genetic Engineering','T016','BIO103'),('Chapter 3: Ecosystems and Biodiversity','T016','BIO103'),('Chapter 1: Fundamentals of Materials Science','T017','CHEM103'),('Chapter 2: Chemical Reactions and Equilibrium','T017','CHEM103'),('Chapter 3: Organic Chemistry Basics','T017','CHEM103'),('Chapter 1: Introduction to Software Architecture','T018','COMP103'),('Chapter 2: Basics of Artificial Intelligence','T018','COMP103'),('Chapter 3: Cybersecurity Fundamentals','T018','COMP103'),('Chapter 1: Advanced Calculus - Limits and Continui','T019','MATH104'),('Chapter 2: Derivatives and Their Applications','T019','MATH104'),('Chapter 3: Integrals and Their Applications','T019','MATH104'),('Chapter 1: Advanced Literary Analysis','T020','ENG104'),('Chapter 2: Comparative Literature Studies','T020','ENG104'),('Chapter 3: Critical Theory and Cultural Studies','T020','ENG104'),('Chapter 1: Advanced Quantum Field Theory','T021','PHYS104'),('Chapter 2: Particle Physics Phenomenology','T021','PHYS104'),('Chapter 3: Electrodynamics in Relativistic Systems','T021','PHYS104'),('Chapter 1: Molecular Biology and Biotechnology','T022','BIO104'),('Chapter 2: Advanced Genetics','T022','BIO104'),('Chapter 3: Cellular Signaling and Communication','T022','BIO104'),('Chapter 1: Advanced Organic Synthesis','T023','CHEM104'),('Chapter 2: Inorganic Chemistry Principles','T023','CHEM104'),('Chapter 3: Bioinorganic and Organometallic Chemist','T023','CHEM104'),('Chapter 1: Advanced Software Engineering','T024','COMP104'),('Chapter 2: Deep Learning and Neural Networks','T024','COMP104'),('Chapter 3: Cloud Computing and Distributed Systems','T024','COMP104');
/*!40000 ALTER TABLE `teaches` ENABLE KEYS */;
UNLOCK TABLES;

--
-- Table structure for table `teaching`
--

DROP TABLE IF EXISTS `teaching`;
/*!40101 SET @saved_cs_client     = @@character_set_client */;
/*!40101 SET character_set_client = utf8 */;
CREATE TABLE `teaching` (
  `ClassAverage` varchar(10) DEFAULT NULL,
  `T_ID` varchar(10) DEFAULT NULL,
  `C_ID` varchar(10) DEFAULT NULL,
  KEY `T_ID` (`T_ID`),
  KEY `C_ID` (`C_ID`),
  CONSTRAINT `teaching_ibfk_1` FOREIGN KEY (`T_ID`) REFERENCES `employee` (`EmployeeID`),
  CONSTRAINT `teaching_ibfk_2` FOREIGN KEY (`C_ID`) REFERENCES `class` (`ClassID`)
) ENGINE=InnoDB DEFAULT CHARSET=utf8mb4 COLLATE=utf8mb4_general_ci;
/*!40101 SET character_set_client = @saved_cs_client */;

--
-- Dumping data for table `teaching`
--

LOCK TABLES `teaching` WRITE;
/*!40000 ALTER TABLE `teaching` DISABLE KEYS */;
INSERT INTO `teaching` VALUES ('88%','T001','101'),('88%','T002','101'),('88%','T003','101'),('88%','T004','101'),('88%','T005','101'),('88%','T006','101'),('67%','T001','102'),('67%','T002','102'),('67%','T003','102'),('67%','T004','102'),('67%','T005','102'),('67%','T006','102'),('66%','T007','103'),('66%','T008','103'),('66%','T009','103'),('66%','T010','103'),('66%','T011','103'),('66%','T012','103'),('70%','T007','104'),('70%','T008','104'),('70%','T009','104'),('70%','T010','104'),('70%','T011','104'),('70%','T012','104'),('76%','T013','105'),('76%','T014','105'),('76%','T015','105'),('76%','T016','105'),('76%','T017','105'),('76%','T018','105'),('60%','T013','106'),('60%','T014','106'),('60%','T015','106'),('60%','T016','106'),('60%','T017','106'),('60%','T018','106'),('60%','T019','106'),('60%','T020','106'),('60%','T021','106'),('60%','T022','106'),('60%','T023','106'),('60%','T024','106'),('93%','T019','107'),('93%','T020','107'),('93%','T021','107'),('93%','T022','107'),('93%','T023','107'),('93%','T024','107');
/*!40000 ALTER TABLE `teaching` ENABLE KEYS */;
UNLOCK TABLES;
/*!40103 SET TIME_ZONE=@OLD_TIME_ZONE */;

/*!40101 SET SQL_MODE=@OLD_SQL_MODE */;
/*!40014 SET FOREIGN_KEY_CHECKS=@OLD_FOREIGN_KEY_CHECKS */;
/*!40014 SET UNIQUE_CHECKS=@OLD_UNIQUE_CHECKS */;
/*!40101 SET CHARACTER_SET_CLIENT=@OLD_CHARACTER_SET_CLIENT */;
/*!40101 SET CHARACTER_SET_RESULTS=@OLD_CHARACTER_SET_RESULTS */;
/*!40101 SET COLLATION_CONNECTION=@OLD_COLLATION_CONNECTION */;
/*!40111 SET SQL_NOTES=@OLD_SQL_NOTES */;

-- Dump completed on 2024-05-06 18:31:50
